"主管部门","所在省份","学校性质","学校数量","包含年份","包含类型"
"上海市","上海市","本科","168","2017, 2019, 2020, 2021, 2022, 2023, 2024, 2025","普通高等学校"
"上海市","上海市","高职（专科）","109","2017, 2019, 2020, 2021, 2022, 2023, 2024, 2025","普通高等学校"
"上海市","未知","成人高等教育","102","2017, 2019, 2020, 2021, 2022, 2023, 2024, 2025","成人高等学校"
"上海市","【小计】","","102","",""
"上海市 中国科学院","上海市","本科","8","2017, 2019, 2020, 2021, 2022, 2023, 2024, 2025","普通高等学校"
"上海市 中国科学院","【小计】","","8","",""
"上海市教委","上海市","本科","69","2017, 2019, 2020, 2021, 2022, 2023, 2024, 2025","普通高等学校"
"上海市教委","上海市","高职（专科）","91","2017, 2019, 2020, 2021, 2022, 2023, 2024, 2025","普通高等学校"
"上海市教委","【小计】","","160","",""
"中共中央党校","未知","成人高等教育","8","2017, 2019, 2020, 2021, 2022, 2023, 2024, 2025","成人高等学校"
"中共中央党校","【小计】","","8","",""
"中共中央办公厅","未知","成人高等教育","8","2017, 2019, 2020, 2021, 2022, 2023, 2024, 2025","成人高等学校"
"中共中央办公厅","【小计】","","8","",""
"中华全国总工会","北京市","本科","8","2017, 2019, 2020, 2021, 2022, 2023, 2024, 2025","普通高等学校"
"中华全国总工会","【小计】","","8","",""
"中华全国新闻工作者协会","未知","成人高等教育","8","2017, 2019, 2020, 2021, 2022, 2023, 2024, 2025","成人高等学校"
"中华全国新闻工作者协会","【小计】","","8","",""
"中华妇女联合会","北京市","本科","8","2017, 2019, 2020, 2021, 2022, 2023, 2024, 2025","普通高等学校"
"中华妇女联合会","【小计】","","8","",""
"中国地震局","廊坊市","本科","8","2017, 2019, 2020, 2021, 2022, 2023, 2024, 2025","普通高等学校"
"中国地震局","【小计】","","8","",""
"中国社会科学院","北京市","本科","8","2017, 2019, 2020, 2021, 2022, 2023, 2024, 2025","普通高等学校"
"中国社会科学院","【小计】","","8","",""
"中国科学院","北京市","本科","8","2017, 2019, 2020, 2021, 2022, 2023, 2024, 2025","普通高等学校"
"中国科学院","合肥市","本科","8","2017, 2019, 2020, 2021, 2022, 2023, 2024, 2025","普通高等学校"
"中国科学院","未知","成人高等教育","8","2017, 2019, 2020, 2021, 2022, 2023, 2024, 2025","成人高等学校"
"中国科学院","【小计】","","8","",""
"中央办公厅","北京市","本科","8","2017, 2019, 2020, 2021, 2022, 2023, 2024, 2025","普通高等学校"
"中央办公厅","【小计】","","8","",""
"中央统战部","广州市","本科","7","2019, 2020, 2021, 2022, 2023, 2024, 2025","普通高等学校"
"中央统战部","泉州市","本科","7","2019, 2020, 2021, 2022, 2023, 2024, 2025","普通高等学校"
"中央统战部","【小计】","","7","",""
"云南省","临沧市","本科","8","2017, 2019, 2020, 2021, 2022, 2023, 2024, 2025","普通高等学校"
"云南省","临沧市","高职（专科）","2","2024, 2025","普通高等学校"
"云南省","丽江市","本科","2","2024, 2025","普通高等学校"
"云南省","丽江市","高职（专科）","9","2017, 2019, 2020, 2021, 2022, 2023, 2024, 2025","普通高等学校"
"云南省","保山市","本科","8","2017, 2019, 2020, 2021, 2022, 2023, 2024, 2025","普通高等学校"
"云南省","保山市","高职（专科）","11","2017, 2019, 2020, 2021, 2022, 2023, 2024, 2025","普通高等学校"
"云南省","大理市","本科","4","2019, 2020, 2021, 2022","普通高等学校"
"云南省","大理白族 自治州","本科","2","2017","普通高等学校"
"云南省","大理白族 自治州","高职（专科）","1","2017","普通高等学校"
"云南省","大理白族自治州","本科","10","2019, 2020, 2021, 2022, 2023, 2024, 2025","普通高等学校"
"云南省","大理白族自治州","高职（专科）","15","2017, 2019, 2020, 2021, 2022, 2023, 2024, 2025","普通高等学校"
"云南省","德宏傣族景颇族自治州","本科","1","2025","普通高等学校"
"云南省","德宏傣族景颇族自治州","高职（专科）","15","2017, 2019, 2020, 2021, 2022, 2023, 2024, 2025","普通高等学校"
"云南省","怒江傈僳族自治州","高职（专科）","2","2024, 2025","普通高等学校"
"云南省","文山壮族苗族自治州","本科","8","2017, 2019, 2020, 2021, 2022, 2023, 2024, 2025","普通高等学校"
"云南省","文山壮族苗族自治州","高职（专科）","3","2023, 2024, 2025","普通高等学校"
"云南省","昆明市","本科","96","2017, 2019, 2020, 2021, 2022, 2023, 2024, 2025","普通高等学校"
"云南省","昆明市","高职（专科）","159","2017, 2019, 2020, 2021, 2022, 2023, 2024, 2025","普通高等学校"
"云南省","昭通市","本科","8","2017, 2019, 2020, 2021, 2022, 2023, 2024, 2025","普通高等学校"
"云南省","昭通市","高职（专科）","11","2017, 2019, 2020, 2021, 2022, 2023, 2024, 2025","普通高等学校"
"云南省","普洱市","本科","8","2017, 2019, 2020, 2021, 2022, 2023, 2024, 2025","普通高等学校"
"云南省","曲靖市","本科","9","2017, 2019, 2020, 2021, 2022, 2023, 2024, 2025","普通高等学校"
"云南省","曲靖市","高职（专科）","24","2017, 2019, 2020, 2021, 2022, 2023, 2024, 2025","普通高等学校"
"云南省","未知","成人高等教育","10","2017, 2019, 2020, 2021, 2022, 2023, 2024, 2025","成人高等学校"
"云南省","楚雄彝族 自治州","本科","1","2017","普通高等学校"
"云南省","楚雄彝族 自治州","高职（专科）","1","2017","普通高等学校"
"云南省","楚雄彝族自治州","本科","7","2019, 2020, 2021, 2022, 2023, 2024, 2025","普通高等学校"
"云南省","楚雄彝族自治州","高职（专科）","13","2019, 2020, 2021, 2022, 2023, 2024, 2025","普通高等学校"
"云南省","玉溪市","本科","8","2017, 2019, 2020, 2021, 2022, 2023, 2024, 2025","普通高等学校"
"云南省","玉溪市","高职（专科）","11","2017, 2019, 2020, 2021, 2022, 2023, 2024, 2025","普通高等学校"
"云南省","红河哈尼族彝族自治州","本科","8","2017, 2019, 2020, 2021, 2022, 2023, 2024, 2025","普通高等学校"
"云南省","红河哈尼族彝族自治州","高职（专科）","19","2017, 2019, 2020, 2021, 2022, 2023, 2024, 2025","普通高等学校"
"云南省","红河州","高职（专科）","3","2020, 2021, 2022","普通高等学校"
"云南省","西双版纳傣族自治州","高职（专科）","8","2017, 2019, 2020, 2021, 2022, 2023, 2024, 2025","普通高等学校"
"云南省","迪庆藏族自治州","高职（专科）","3","2023, 2024, 2025","普通高等学校"
"云南省","【小计】","","3","",""
"云南省教育厅","丽江市","本科","8","2017, 2019, 2020, 2021, 2022, 2023, 2024, 2025","普通高等学校"
"云南省教育厅","文山壮族苗族自治州","高职（专科）","8","2017, 2019, 2020, 2021, 2022, 2023, 2024, 2025","普通高等学校"
"云南省教育厅","昆明市","本科","64","2017, 2019, 2020, 2021, 2022, 2023, 2024, 2025","普通高等学校"
"云南省教育厅","昆明市","高职（专科）","87","2017, 2019, 2020, 2021, 2022, 2023, 2024, 2025","普通高等学校"
"云南省教育厅","楚雄彝族 自治州","高职（专科）","1","2017","普通高等学校"
"云南省教育厅","楚雄彝族自治州","高职（专科）","1","2019","普通高等学校"
"云南省教育厅","【小计】","","1","",""
"交通运输部","上海市","高职（专科）","1","2017","普通高等学校"
"交通运输部","大连市","本科","8","2017, 2019, 2020, 2021, 2022, 2023, 2024, 2025","普通高等学校"
"交通运输部","天津市","本科","1","2017","普通高等学校"
"交通运输部","广州市","高职（专科）","1","2017","普通高等学校"
"交通运输部","德阳市","本科","1","2017","普通高等学校"
"交通运输部","未知","成人高等教育","8","2017, 2019, 2020, 2021, 2022, 2023, 2024, 2025","成人高等学校"
"交通运输部","【小计】","","8","",""
"交通运输部（中国民用航空局）","上海市","高职（专科）","7","2019, 2020, 2021, 2022, 2023, 2024, 2025","普通高等学校"
"交通运输部（中国民用航空局）","天津市","本科","7","2019, 2020, 2021, 2022, 2023, 2024, 2025","普通高等学校"
"交通运输部（中国民用航空局）","广州市","高职（专科）","7","2019, 2020, 2021, 2022, 2023, 2024, 2025","普通高等学校"
"交通运输部（中国民用航空局）","德阳市","本科","7","2019, 2020, 2021, 2022, 2023, 2024, 2025","普通高等学校"
"交通运输部（中国民用航空局）","【小计】","","7","",""
"公安部","北京市","本科","8","2017, 2019, 2020, 2021, 2022, 2023, 2024, 2025","普通高等学校"
"公安部","南京市","本科","7","2019, 2020, 2021, 2022, 2023, 2024, 2025","普通高等学校"
"公安部","宁波市","本科","1","2017","普通高等学校"
"公安部","广州市","高职（专科）","1","2017","普通高等学校"
"公安部","廊坊市","本科","8","2017, 2019, 2020, 2021, 2022, 2023, 2024, 2025","普通高等学校"
"公安部","昆明市","高职（专科）","1","2017","普通高等学校"
"公安部","未知","成人高等教育","8","2017, 2019, 2020, 2021, 2022, 2023, 2024, 2025","成人高等学校"
"公安部","沈阳市","本科","8","2017, 2019, 2020, 2021, 2022, 2023, 2024, 2025","普通高等学校"
"公安部","郑州市","本科","8","2017, 2019, 2020, 2021, 2022, 2023, 2024, 2025","普通高等学校"
"公安部","【小计】","","8","",""
"共青团中央","北京市","本科","8","2017, 2019, 2020, 2021, 2022, 2023, 2024, 2025","普通高等学校"
"共青团中央","【小计】","","8","",""
"内蒙古自治区","乌兰察布市","本科","8","2017, 2019, 2020, 2021, 2022, 2023, 2024, 2025","普通高等学校"
"内蒙古自治区","乌兰察布市","高职（专科）","16","2017, 2019, 2020, 2021, 2022, 2023, 2024, 2025","普通高等学校"
"内蒙古自治区","乌海市","高职（专科）","8","2017, 2019, 2020, 2021, 2022, 2023, 2024, 2025","普通高等学校"
"内蒙古自治区","兴安盟","本科","1","2025","普通高等学校"
"内蒙古自治区","兴安盟","高职（专科）","7","2017, 2019, 2020, 2021, 2022, 2023, 2024","普通高等学校"
"内蒙古自治区","包头市","本科","8","2017, 2019, 2020, 2021, 2022, 2023, 2024, 2025","普通高等学校"
"内蒙古自治区","包头市","高职（专科）","32","2017, 2019, 2020, 2021, 2022, 2023, 2024, 2025","普通高等学校"
"内蒙古自治区","呼伦贝尔市","本科","8","2017, 2019, 2020, 2021, 2022, 2023, 2024, 2025","普通高等学校"
"内蒙古自治区","呼伦贝尔市","高职（专科）","24","2017, 2019, 2020, 2021, 2022, 2023, 2024, 2025","普通高等学校"
"内蒙古自治区","呼和浩特市","本科","67","2017, 2019, 2020, 2021, 2022, 2023, 2024, 2025","普通高等学校"
"内蒙古自治区","呼和浩特市","高职（专科）","61","2017, 2019, 2020, 2021, 2022, 2023, 2024, 2025","普通高等学校"
"内蒙古自治区","巴彦淖尔市","本科","8","2017, 2019, 2020, 2021, 2022, 2023, 2024, 2025","普通高等学校"
"内蒙古自治区","未知","成人高等教育","16","2017, 2019, 2020, 2021, 2022, 2023, 2024, 2025","成人高等学校"
"内蒙古自治区","赤峰市","本科","8","2017, 2019, 2020, 2021, 2022, 2023, 2024, 2025","普通高等学校"
"内蒙古自治区","赤峰市","高职（专科）","22","2017, 2019, 2020, 2021, 2022, 2023, 2024, 2025","普通高等学校"
"内蒙古自治区","通辽市","本科","8","2017, 2019, 2020, 2021, 2022, 2023, 2024, 2025","普通高等学校"
"内蒙古自治区","通辽市","高职（专科）","16","2017, 2019, 2020, 2021, 2022, 2023, 2024, 2025","普通高等学校"
"内蒙古自治区","鄂尔多斯市","本科","8","2017, 2019, 2020, 2021, 2022, 2023, 2024, 2025","普通高等学校"
"内蒙古自治区","鄂尔多斯市","高职（专科）","24","2017, 2019, 2020, 2021, 2022, 2023, 2024, 2025","普通高等学校"
"内蒙古自治区","锡林郭勒盟","高职（专科）","8","2017, 2019, 2020, 2021, 2022, 2023, 2024, 2025","普通高等学校"
"内蒙古自治区","阿拉善盟","高职（专科）","8","2017, 2019, 2020, 2021, 2022, 2023, 2024, 2025","普通高等学校"
"内蒙古自治区","【小计】","","8","",""
"内蒙古自治区教育厅","呼和浩特市","本科","16","2017, 2019, 2020, 2021, 2022, 2023, 2024, 2025","普通高等学校"
"内蒙古自治区教育厅","呼和浩特市","高职（专科）","48","2017, 2019, 2020, 2021, 2022, 2023, 2024, 2025","普通高等学校"
"内蒙古自治区教育厅","巴彦淖尔市","高职（专科）","8","2017, 2019, 2020, 2021, 2022, 2023, 2024, 2025","普通高等学校"
"内蒙古自治区教育厅","赤峰市","高职（专科）","8","2017, 2019, 2020, 2021, 2022, 2023, 2024, 2025","普通高等学校"
"内蒙古自治区教育厅","【小计】","","8","",""
"北京市","北京市","本科","177","2017, 2019, 2020, 2021, 2022, 2023, 2024, 2025","普通高等学校"
"北京市","北京市","高职（专科）","125","2017, 2019, 2020, 2021, 2022, 2023, 2024, 2025","普通高等学校"
"北京市","未知","成人高等教育","120","2017, 2019, 2020, 2021, 2022, 2023, 2024, 2025","成人高等学校"
"北京市","【小计】","","120","",""
"北京市教委","北京市","本科","50","2017, 2019, 2020, 2021, 2022, 2023, 2024, 2025","普通高等学校"
"北京市教委","北京市","高职（专科）","72","2017, 2019, 2020, 2021, 2022, 2023, 2024, 2025","普通高等学校"
"北京市教委","【小计】","","122","",""
"司法部","保定市","本科","8","2017, 2019, 2020, 2021, 2022, 2023, 2024, 2025","普通高等学校"
"司法部","【小计】","","8","",""
"吉林省","吉林省","本科","41","2017, 2019, 2020, 2021, 2022, 2023, 2024, 2025","普通高等学校"
"吉林省","吉林省","高职（专科）","28","2017, 2019, 2020, 2021, 2022, 2023, 2024, 2025","普通高等学校"
"吉林省","四平市","本科","8","2017, 2019, 2020, 2021, 2022, 2023, 2024, 2025","普通高等学校"
"吉林省","四平市","高职（专科）","17","2017, 2019, 2020, 2021, 2022, 2023, 2024, 2025","普通高等学校"
"吉林省","延边朝鲜族 自治州","本科","1","2017","普通高等学校"
"吉林省","延边朝鲜族 自治州","高职（专科）","1","2017","普通高等学校"
"吉林省","延边朝鲜族自治州","本科","7","2019, 2020, 2021, 2022, 2023, 2024, 2025","普通高等学校"
"吉林省","延边朝鲜族自治州","高职（专科）","7","2019, 2020, 2021, 2022, 2023, 2024, 2025","普通高等学校"
"吉林省","未知","成人高等教育","112","2017, 2019, 2020, 2021, 2022, 2023, 2024, 2025","成人高等学校"
"吉林省","松原市","高职（专科）","8","2017, 2019, 2020, 2021, 2022, 2023, 2024, 2025","普通高等学校"
"吉林省","白城市","本科","8","2017, 2019, 2020, 2021, 2022, 2023, 2024, 2025","普通高等学校"
"吉林省","白城市","高职（专科）","16","2017, 2019, 2020, 2021, 2022, 2023, 2024, 2025","普通高等学校"
"吉林省","白山市","高职（专科）","8","2017, 2019, 2020, 2021, 2022, 2023, 2024, 2025","普通高等学校"
"吉林省","辽源市","高职（专科）","8","2017, 2019, 2020, 2021, 2022, 2023, 2024, 2025","普通高等学校"
"吉林省","通化市","本科","8","2017, 2019, 2020, 2021, 2022, 2023, 2024, 2025","普通高等学校"
"吉林省","通化市","高职（专科）","5","2021, 2022, 2023, 2024, 2025","普通高等学校"
"吉林省","长春市","本科","115","2017, 2019, 2020, 2021, 2022, 2023, 2024, 2025","普通高等学校"
"吉林省","长春市","高职（专科）","61","2017, 2019, 2020, 2021, 2022, 2023, 2024, 2025","普通高等学校"
"吉林省","【小计】","","176","",""
"吉林省教育厅","四平市","本科","8","2017, 2019, 2020, 2021, 2022, 2023, 2024, 2025","普通高等学校"
"吉林省教育厅","延边朝鲜族 自治州","高职（专科）","1","2017","普通高等学校"
"吉林省教育厅","延边朝鲜族自治州","高职（专科）","7","2019, 2020, 2021, 2022, 2023, 2024, 2025","普通高等学校"
"吉林省教育厅","梅河口市","高职（专科）","2","2020, 2021","普通高等学校"
"吉林省教育厅","通化市","高职（专科）","4","2022, 2023, 2024, 2025","普通高等学校"
"吉林省教育厅","长春市","本科","88","2017, 2019, 2020, 2021, 2022, 2023, 2024, 2025","普通高等学校"
"吉林省教育厅","长春市","高职（专科）","48","2017, 2019, 2020, 2021, 2022, 2023, 2024, 2025","普通高等学校"
"吉林省教育厅","【小计】","","136","",""
"四川省","乐山市","本科","8","2017, 2019, 2020, 2021, 2022, 2023, 2024, 2025","普通高等学校"
"四川省","乐山市","高职（专科）","8","2017, 2019, 2020, 2021, 2022, 2023, 2024, 2025","普通高等学校"
"四川省","内江市","本科","8","2017, 2019, 2020, 2021, 2022, 2023, 2024, 2025","普通高等学校"
"四川省","内江市","高职（专科）","23","2017, 2019, 2020, 2021, 2022, 2023, 2024, 2025","普通高等学校"
"四川省","凉山彝族 自治州","本科","1","2017","普通高等学校"
"四川省","凉山彝族自治州","本科","7","2019, 2020, 2021, 2022, 2023, 2024, 2025","普通高等学校"
"四川省","凉山彝族自治州","高职（专科）","7","2019, 2020, 2021, 2022, 2023, 2024, 2025","普通高等学校"
"四川省","南充市","本科","16","2017, 2019, 2020, 2021, 2022, 2023, 2024, 2025","普通高等学校"
"四川省","南充市","高职（专科）","14","2017, 2019, 2020, 2021, 2022, 2023, 2024, 2025","普通高等学校"
"四川省","宜宾市","本科","8","2017, 2019, 2020, 2021, 2022, 2023, 2024, 2025","普通高等学校"
"四川省","宜宾市","高职（专科）","10","2017, 2019, 2020, 2021, 2022, 2023, 2024, 2025","普通高等学校"
"四川省","广元市","高职（专科）","16","2017, 2019, 2020, 2021, 2022, 2023, 2024, 2025","普通高等学校"
"四川省","广安市","高职（专科）","8","2017, 2019, 2020, 2021, 2022, 2023, 2024, 2025","普通高等学校"
"四川省","德阳市","本科","2","2024, 2025","普通高等学校"
"四川省","德阳市","高职（专科）","30","2017, 2019, 2020, 2021, 2022, 2023, 2024, 2025","普通高等学校"
"四川省","成都市","本科","105","2017, 2019, 2020, 2021, 2022, 2023, 2024, 2025","普通高等学校"
"四川省","成都市","高职（专科）","142","2017, 2019, 2020, 2021, 2022, 2023, 2024, 2025","普通高等学校"
"四川省","攀枝花市","本科","8","2017, 2019, 2020, 2021, 2022, 2023, 2024, 2025","普通高等学校"
"四川省","攀枝花市","高职（专科）","8","2017, 2019, 2020, 2021, 2022, 2023, 2024, 2025","普通高等学校"
"四川省","未知","成人高等教育","99","2017, 2019, 2020, 2021, 2022, 2023, 2024, 2025","成人高等学校"
"四川省","泸州市","本科","16","2017, 2019, 2020, 2021, 2022, 2023, 2024, 2025","普通高等学校"
"四川省","泸州市","高职（专科）","16","2017, 2019, 2020, 2021, 2022, 2023, 2024, 2025","普通高等学校"
"四川省","甘孜藏族 自治州","本科","1","2017","普通高等学校"
"四川省","甘孜藏族自治州","本科","7","2019, 2020, 2021, 2022, 2023, 2024, 2025","普通高等学校"
"四川省","甘孜藏族自治州","高职（专科）","5","2021, 2022, 2023, 2024, 2025","普通高等学校"
"四川省","眉山市","高职（专科）","8","2017, 2019, 2020, 2021, 2022, 2023, 2024, 2025","普通高等学校"
"四川省","绵阳市","本科","16","2017, 2019, 2020, 2021, 2022, 2023, 2024, 2025","普通高等学校"
"四川省","绵阳市","高职（专科）","24","2017, 2019, 2020, 2021, 2022, 2023, 2024, 2025","普通高等学校"
"四川省","自贡市","本科","8","2017, 2019, 2020, 2021, 2022, 2023, 2024, 2025","普通高等学校"
"四川省","自贡市","高职（专科）","8","2017, 2019, 2020, 2021, 2022, 2023, 2024, 2025","普通高等学校"
"四川省","西昌市","高职（专科）","2","2024, 2025","普通高等学校"
"四川省","达州市","本科","8","2017, 2019, 2020, 2021, 2022, 2023, 2024, 2025","普通高等学校"
"四川省","达州市","高职（专科）","15","2017, 2019, 2020, 2021, 2022, 2023, 2024, 2025","普通高等学校"
"四川省","遂宁市","高职（专科）","8","2017, 2019, 2020, 2021, 2022, 2023, 2024, 2025","普通高等学校"
"四川省","阿坝藏族羌族自治州","本科","8","2017, 2019, 2020, 2021, 2022, 2023, 2024, 2025","普通高等学校"
"四川省","阿坝藏族羌族自治州","高职（专科）","7","2019, 2020, 2021, 2022, 2023, 2024, 2025","普通高等学校"
"四川省","雅安市","本科","8","2017, 2019, 2020, 2021, 2022, 2023, 2024, 2025","普通高等学校"
"四川省","雅安市","高职（专科）","8","2017, 2019, 2020, 2021, 2022, 2023, 2024, 2025","普通高等学校"
"四川省","【小计】","","16","",""
"四川省教育厅","乐山市","本科","8","2017, 2019, 2020, 2021, 2022, 2023, 2024, 2025","普通高等学校"
"四川省教育厅","凉山州","高职（专科）","2","2017, 2019","普通高等学校"
"四川省教育厅","凉山彝族自治州","高职（专科）","6","2020, 2021, 2022, 2023, 2024, 2025","普通高等学校"
"四川省教育厅","南充市","本科","8","2017, 2019, 2020, 2021, 2022, 2023, 2024, 2025","普通高等学校"
"四川省教育厅","南充市","高职（专科）","13","2019, 2020, 2021, 2022, 2023, 2024, 2025","普通高等学校"
"四川省教育厅","四川省","本科","1","2021","普通高等学校"
"四川省教育厅","巴中市","高职（专科）","8","2017, 2019, 2020, 2021, 2022, 2023, 2024, 2025","普通高等学校"
"四川省教育厅","广元市","高职（专科）","7","2019, 2020, 2021, 2022, 2023, 2024, 2025","普通高等学校"
"四川省教育厅","德阳市","本科","8","2017, 2019, 2020, 2021, 2022, 2023, 2024, 2025","普通高等学校"
"四川省教育厅","德阳市","高职（专科）","20","2019, 2020, 2021, 2022, 2023, 2024, 2025","普通高等学校"
"四川省教育厅","成都市","本科","84","2017, 2019, 2020, 2021, 2022, 2023, 2024, 2025","普通高等学校"
"四川省教育厅","成都市","高职（专科）","91","2017, 2019, 2020, 2021, 2022, 2023, 2024, 2025","普通高等学校"
"四川省教育厅","攀枝花市","高职（专科）","7","2019, 2020, 2021, 2022, 2023, 2024, 2025","普通高等学校"
"四川省教育厅","泸州市","高职（专科）","21","2017, 2019, 2020, 2021, 2022, 2023, 2024, 2025","普通高等学校"
"四川省教育厅","眉山市","本科","8","2017, 2019, 2020, 2021, 2022, 2023, 2024, 2025","普通高等学校"
"四川省教育厅","眉山市","高职（专科）","28","2019, 2020, 2021, 2022, 2023, 2024, 2025","普通高等学校"
"四川省教育厅","绵阳市","本科","24","2017, 2019, 2020, 2021, 2022, 2023, 2024, 2025","普通高等学校"
"四川省教育厅","绵阳市","高职（专科）","22","2017, 2019, 2020, 2021, 2022, 2023, 2024, 2025","普通高等学校"
"四川省教育厅","自贡市","高职（专科）","5","2021, 2022, 2023, 2024, 2025","普通高等学校"
"四川省教育厅","资阳市","高职（专科）","22","2017, 2019, 2020, 2021, 2022, 2023, 2024, 2025","普通高等学校"
"四川省教育厅","遂宁市","高职（专科）","9","2023, 2024, 2025","普通高等学校"
"四川省教育厅","【小计】","","9","",""
"国务院侨办","广州市","本科","1","2017","普通高等学校"
"国务院侨办","泉州市","本科","1","2017","普通高等学校"
"国务院侨办","【小计】","","1","",""
"国家体育总局","北京市","本科","8","2017, 2019, 2020, 2021, 2022, 2023, 2024, 2025","普通高等学校"
"国家体育总局","【小计】","","8","",""
"国家卫生健康委员会","北京市","本科","7","2019, 2020, 2021, 2022, 2023, 2024, 2025","普通高等学校"
"国家卫生健康委员会","【小计】","","7","",""
"国家卫生和计划生育委员会","北京市","本科","1","2017","普通高等学校"
"国家卫生和计划生育委员会","【小计】","","1","",""
"国家安全生产监督管理总局","廊坊市","本科","1","2017","普通高等学校"
"国家安全生产监督管理总局","【小计】","","1","",""
"国家林业局","南京市","本科","1","2017","普通高等学校"
"国家林业局","【小计】","","1","",""
"国家民委","兰州市","本科","8","2017, 2019, 2020, 2021, 2022, 2023, 2024, 2025","普通高等学校"
"国家民委","北京市","本科","8","2017, 2019, 2020, 2021, 2022, 2023, 2024, 2025","普通高等学校"
"国家民委","大连市","本科","8","2017, 2019, 2020, 2021, 2022, 2023, 2024, 2025","普通高等学校"
"国家民委","成都市","本科","8","2017, 2019, 2020, 2021, 2022, 2023, 2024, 2025","普通高等学校"
"国家民委","武汉市","本科","8","2017, 2019, 2020, 2021, 2022, 2023, 2024, 2025","普通高等学校"
"国家民委","银川市","本科","8","2017, 2019, 2020, 2021, 2022, 2023, 2024, 2025","普通高等学校"
"国家民委","【小计】","","8","",""
"外交部","北京市","本科","8","2017, 2019, 2020, 2021, 2022, 2023, 2024, 2025","普通高等学校"
"外交部","【小计】","","8","",""
"天津市","天津市","本科","129","2017, 2019, 2020, 2021, 2022, 2023, 2024, 2025","普通高等学校"
"天津市","天津市","高职（专科）","200","2017, 2019, 2020, 2021, 2022, 2023, 2024, 2025","普通高等学校"
"天津市","未知","成人高等教育","105","2017, 2019, 2020, 2021, 2022, 2023, 2024, 2025","成人高等学校"
"天津市","【小计】","","105","",""
"天津市教委","天津市","本科","88","2017, 2019, 2020, 2021, 2022, 2023, 2024, 2025","普通高等学校"
"天津市教委","天津市","高职（专科）","8","2017, 2019, 2020, 2021, 2022, 2023, 2024, 2025","普通高等学校"
"天津市教委","【小计】","","96","",""
"宁夏回族自治区","吴忠市","高职（专科）","8","2017, 2019, 2020, 2021, 2022, 2023, 2024, 2025","普通高等学校"
"宁夏回族自治区","固原市","本科","8","2017, 2019, 2020, 2021, 2022, 2023, 2024, 2025","普通高等学校"
"宁夏回族自治区","未知","成人高等教育","8","2017, 2019, 2020, 2021, 2022, 2023, 2024, 2025","成人高等学校"
"宁夏回族自治区","石嘴山市","高职（专科）","9","2020, 2021, 2022, 2023, 2024, 2025","普通高等学校"
"宁夏回族自治区","银川市","本科","18","2017, 2019, 2020, 2021, 2022, 2023, 2024, 2025","普通高等学校"
"宁夏回族自治区","银川市","高职（专科）","80","2017, 2019, 2020, 2021, 2022, 2023, 2024, 2025","普通高等学校"
"宁夏回族自治区","【小计】","","98","",""
"宁夏回族自治区教育厅","石嘴山市","本科","5","2021, 2022, 2023, 2024, 2025","普通高等学校"
"宁夏回族自治区教育厅","银川市","本科","15","2021, 2022, 2023, 2024, 2025","普通高等学校"
"宁夏回族自治区教育厅","【小计】","","15","",""
"宁夏自治区教育厅","石嘴山市","本科","3","2017, 2019, 2020","普通高等学校"
"宁夏自治区教育厅","银川市","本科","9","2017, 2019, 2020","普通高等学校"
"宁夏自治区教育厅","【小计】","","9","",""
"安徽省","亳州市","本科","8","2017, 2019, 2020, 2021, 2022, 2023, 2024, 2025","普通高等学校"
"安徽省","亳州市","高职（专科）","8","2017, 2019, 2020, 2021, 2022, 2023, 2024, 2025","普通高等学校"
"安徽省","六安市","本科","8","2017, 2019, 2020, 2021, 2022, 2023, 2024, 2025","普通高等学校"
"安徽省","六安市","高职（专科）","25","2017, 2019, 2020, 2021, 2022, 2023, 2024, 2025","普通高等学校"
"安徽省","合肥市","本科","77","2017, 2019, 2020, 2021, 2022, 2023, 2024, 2025","普通高等学校"
"安徽省","合肥市","高职（专科）","206","2017, 2019, 2020, 2021, 2022, 2023, 2024, 2025","普通高等学校"
"安徽省","安庆市","本科","8","2017, 2019, 2020, 2021, 2022, 2023, 2024, 2025","普通高等学校"
"安徽省","安庆市","高职（专科）","32","2017, 2019, 2020, 2021, 2022, 2023, 2024, 2025","普通高等学校"
"安徽省","宣城市","高职（专科）","8","2017, 2019, 2020, 2021, 2022, 2023, 2024, 2025","普通高等学校"
"安徽省","宿州市","本科","8","2017, 2019, 2020, 2021, 2022, 2023, 2024, 2025","普通高等学校"
"安徽省","宿州市","高职（专科）","16","2017, 2019, 2020, 2021, 2022, 2023, 2024, 2025","普通高等学校"
"安徽省","未知","成人高等教育","48","2017, 2019, 2020, 2021, 2022, 2023, 2024, 2025","成人高等学校"
"安徽省","池州市","本科","8","2017, 2019, 2020, 2021, 2022, 2023, 2024, 2025","普通高等学校"
"安徽省","池州市","高职（专科）","16","2017, 2019, 2020, 2021, 2022, 2023, 2024, 2025","普通高等学校"
"安徽省","淮北市","本科","8","2017, 2019, 2020, 2021, 2022, 2023, 2024, 2025","普通高等学校"
"安徽省","淮北市","高职（专科）","8","2017, 2019, 2020, 2021, 2022, 2023, 2024, 2025","普通高等学校"
"安徽省","淮南市","本科","16","2017, 2019, 2020, 2021, 2022, 2023, 2024, 2025","普通高等学校"
"安徽省","淮南市","高职（专科）","24","2017, 2019, 2020, 2021, 2022, 2023, 2024, 2025","普通高等学校"
"安徽省","滁州市","本科","16","2017, 2019, 2020, 2021, 2022, 2023, 2024, 2025","普通高等学校"
"安徽省","滁州市","高职（专科）","16","2017, 2019, 2020, 2021, 2022, 2023, 2024, 2025","普通高等学校"
"安徽省","芜湖市","本科","25","2017, 2019, 2020, 2021, 2022, 2023, 2024, 2025","普通高等学校"
"安徽省","芜湖市","高职（专科）","31","2017, 2019, 2020, 2021, 2022, 2023, 2024, 2025","普通高等学校"
"安徽省","蚌埠市","本科","24","2017, 2019, 2020, 2021, 2022, 2023, 2024, 2025","普通高等学校"
"安徽省","蚌埠市","高职（专科）","8","2017, 2019, 2020, 2021, 2022, 2023, 2024, 2025","普通高等学校"
"安徽省","铜陵市","本科","8","2017, 2019, 2020, 2021, 2022, 2023, 2024, 2025","普通高等学校"
"安徽省","铜陵市","高职（专科）","16","2017, 2019, 2020, 2021, 2022, 2023, 2024, 2025","普通高等学校"
"安徽省","阜阳市","本科","8","2017, 2019, 2020, 2021, 2022, 2023, 2024, 2025","普通高等学校"
"安徽省","阜阳市","高职（专科）","16","2017, 2019, 2020, 2021, 2022, 2023, 2024, 2025","普通高等学校"
"安徽省","马鞍山市","本科","8","2017, 2019, 2020, 2021, 2022, 2023, 2024, 2025","普通高等学校"
"安徽省","马鞍山市","高职（专科）","24","2017, 2019, 2020, 2021, 2022, 2023, 2024, 2025","普通高等学校"
"安徽省","黄山市","本科","8","2017, 2019, 2020, 2021, 2022, 2023, 2024, 2025","普通高等学校"
"安徽省","黄山市","高职（专科）","8","2017, 2019, 2020, 2021, 2022, 2023, 2024, 2025","普通高等学校"
"安徽省","【小计】","","16","",""
"安徽省教育厅","六安市","高职（专科）","2","2017, 2019","普通高等学校"
"安徽省教育厅","合肥市","本科","62","2017, 2019, 2020, 2021, 2022, 2023, 2024, 2025","普通高等学校"
"安徽省教育厅","合肥市","高职（专科）","74","2017, 2019, 2020, 2021, 2022, 2023, 2024, 2025","普通高等学校"
"安徽省教育厅","宿州市","高职（专科）","5","2021, 2022, 2023, 2024, 2025","普通高等学校"
"安徽省教育厅","淮北市","本科","8","2017, 2019, 2020, 2021, 2022, 2023, 2024, 2025","普通高等学校"
"安徽省教育厅","淮北市","高职（专科）","8","2017, 2019, 2020, 2021, 2022, 2023, 2024, 2025","普通高等学校"
"安徽省教育厅","淮南市","高职（专科）","6","2020, 2021, 2022, 2023, 2024, 2025","普通高等学校"
"安徽省教育厅","芜湖市","本科","16","2017, 2019, 2020, 2021, 2022, 2023, 2024, 2025","普通高等学校"
"安徽省教育厅","芜湖市","高职（专科）","12","2017, 2019, 2020, 2021, 2022, 2023, 2024, 2025","普通高等学校"
"安徽省教育厅","蚌埠市","本科","8","2017, 2019, 2020, 2021, 2022, 2023, 2024, 2025","普通高等学校"
"安徽省教育厅","蚌埠市","高职（专科）","10","2017, 2019, 2020, 2021, 2022, 2023, 2024, 2025","普通高等学校"
"安徽省教育厅","阜阳市","本科","8","2017, 2019, 2020, 2021, 2022, 2023, 2024, 2025","普通高等学校"
"安徽省教育厅","阜阳市","高职（专科）","16","2017, 2019, 2020, 2021, 2022, 2023, 2024, 2025","普通高等学校"
"安徽省教育厅","马鞍山市","本科","16","2017, 2019, 2020, 2021, 2022, 2023, 2024, 2025","普通高等学校"
"安徽省教育厅","黄山市","高职（专科）","6","2020, 2021, 2022, 2023, 2024, 2025","普通高等学校"
"安徽省教育厅","【小计】","","6","",""
"山东省","东营市","本科","5","2021, 2022, 2023, 2024, 2025","普通高等学校"
"山东省","东营市","高职（专科）","17","2017, 2019, 2020, 2021, 2022, 2023, 2024, 2025","普通高等学校"
"山东省","临沂市","本科","8","2017, 2019, 2020, 2021, 2022, 2023, 2024, 2025","普通高等学校"
"山东省","临沂市","高职（专科）","22","2017, 2019, 2020, 2021, 2022, 2023, 2024, 2025","普通高等学校"
"山东省","威海市","高职（专科）","24","2017, 2019, 2020, 2021, 2022, 2023, 2024, 2025","普通高等学校"
"山东省","德州市","本科","8","2017, 2019, 2020, 2021, 2022, 2023, 2024, 2025","普通高等学校"
"山东省","德州市","高职（专科）","10","2017, 2019, 2020, 2021, 2022, 2023, 2024, 2025","普通高等学校"
"山东省","日照市","高职（专科）","16","2017, 2019, 2020, 2021, 2022, 2023, 2024, 2025","普通高等学校"
"山东省","未知","成人高等教育","88","2017, 2019, 2020, 2021, 2022, 2023, 2024, 2025","成人高等学校"
"山东省","枣庄市","本科","8","2017, 2019, 2020, 2021, 2022, 2023, 2024, 2025","普通高等学校"
"山东省","枣庄市","高职（专科）","16","2017, 2019, 2020, 2021, 2022, 2023, 2024, 2025","普通高等学校"
"山东省","泰安市","本科","17","2017, 2019, 2020, 2021, 2022, 2023, 2024, 2025","普通高等学校"
"山东省","泰安市","高职（专科）","24","2017, 2019, 2020, 2021, 2022, 2023, 2024, 2025","普通高等学校"
"山东省","济南市","本科","143","2017, 2019, 2020, 2021, 2022, 2023, 2024, 2025","普通高等学校"
"山东省","济南市","高职（专科）","117","2017, 2019, 2020, 2021, 2022, 2023, 2024, 2025","普通高等学校"
"山东省","济宁市","本科","24","2017, 2019, 2020, 2021, 2022, 2023, 2024, 2025","普通高等学校"
"山东省","济宁市","高职（专科）","16","2017, 2019, 2020, 2021, 2022, 2023, 2024, 2025","普通高等学校"
"山东省","淄博市","本科","9","2017, 2019, 2020, 2021, 2022, 2023, 2024, 2025","普通高等学校"
"山东省","淄博市","高职（专科）","47","2017, 2019, 2020, 2021, 2022, 2023, 2024, 2025","普通高等学校"
"山东省","滨州市","本科","16","2017, 2019, 2020, 2021, 2022, 2023, 2024, 2025","普通高等学校"
"山东省","滨州市","高职（专科）","8","2017, 2019, 2020, 2021, 2022, 2023, 2024, 2025","普通高等学校"
"山东省","潍坊市","本科","16","2017, 2019, 2020, 2021, 2022, 2023, 2024, 2025","普通高等学校"
"山东省","潍坊市","高职（专科）","64","2017, 2019, 2020, 2021, 2022, 2023, 2024, 2025","普通高等学校"
"山东省","烟台市","本科","24","2017, 2019, 2020, 2021, 2022, 2023, 2024, 2025","普通高等学校"
"山东省","烟台市","高职（专科）","57","2017, 2019, 2020, 2021, 2022, 2023, 2024, 2025","普通高等学校"
"山东省","聊城市","本科","8","2017, 2019, 2020, 2021, 2022, 2023, 2024, 2025","普通高等学校"
"山东省","聊城市","高职（专科）","9","2017, 2019, 2020, 2021, 2022, 2023, 2024, 2025","普通高等学校"
"山东省","莱芜市","高职（专科）","3","2017, 2019, 2021","普通高等学校"
"山东省","菏泽市","本科","8","2017, 2019, 2020, 2021, 2022, 2023, 2024, 2025","普通高等学校"
"山东省","菏泽市","高职（专科）","24","2017, 2019, 2020, 2021, 2022, 2023, 2024, 2025","普通高等学校"
"山东省","青岛市","本科","42","2017, 2019, 2020, 2021, 2022, 2023, 2024, 2025","普通高等学校"
"山东省","青岛市","高职（专科）","53","2017, 2019, 2020, 2021, 2022, 2023, 2024, 2025","普通高等学校"
"山东省","【小计】","","95","",""
"山东省教育厅","东营市","本科","3","2017, 2019, 2020","普通高等学校"
"山东省教育厅","东营市","高职（专科）","7","2017, 2019, 2020, 2021, 2022, 2023, 2024","普通高等学校"
"山东省教育厅","临沂市","高职（专科）","1","2025","普通高等学校"
"山东省教育厅","威海市","本科","7","2019, 2020, 2021, 2022, 2023, 2024, 2025","普通高等学校"
"山东省教育厅","威海市","高职（专科）","1","2017","普通高等学校"
"山东省教育厅","德州市","本科","8","2017, 2019, 2020, 2021, 2022, 2023, 2024, 2025","普通高等学校"
"山东省教育厅","德州市","高职（专科）","10","2017, 2019, 2020, 2021, 2022, 2023, 2024, 2025","普通高等学校"
"山东省教育厅","日照市","本科","7","2019, 2020, 2021, 2022, 2023, 2024, 2025","普通高等学校"
"山东省教育厅","日照市","高职（专科）","12","2017, 2019, 2020, 2021, 2022, 2023, 2024, 2025","普通高等学校"
"山东省教育厅","枣庄市","高职（专科）","1","2025","普通高等学校"
"山东省教育厅","泰安市","本科","16","2017, 2019, 2020, 2021, 2022, 2023, 2024, 2025","普通高等学校"
"山东省教育厅","泰安市","高职（专科）","8","2017, 2019, 2020, 2021, 2022, 2023, 2024, 2025","普通高等学校"
"山东省教育厅","济南市","本科","51","2017, 2019, 2020, 2021, 2022, 2023, 2024, 2025","普通高等学校"
"山东省教育厅","济南市","高职（专科）","25","2017, 2019, 2020, 2021, 2022, 2023, 2024, 2025","普通高等学校"
"山东省教育厅","济宁市","高职（专科）","9","2017, 2019, 2020, 2021, 2022, 2023, 2024, 2025","普通高等学校"
"山东省教育厅","淄博市","本科","8","2017, 2019, 2020, 2021, 2022, 2023, 2024, 2025","普通高等学校"
"山东省教育厅","滨州市","高职（专科）","5","2021, 2022, 2023, 2024, 2025","普通高等学校"
"山东省教育厅","潍坊市","本科","15","2017, 2019, 2020, 2021, 2022, 2023, 2024, 2025","普通高等学校"
"山东省教育厅","潍坊市","高职（专科）","25","2017, 2019, 2020, 2021, 2022, 2023, 2024, 2025","普通高等学校"
"山东省教育厅","烟台市","本科","29","2017, 2019, 2020, 2021, 2022, 2023, 2024, 2025","普通高等学校"
"山东省教育厅","烟台市","高职（专科）","14","2017, 2019, 2020, 2021, 2022, 2023, 2024, 2025","普通高等学校"
"山东省教育厅","聊城市","本科","8","2017, 2019, 2020, 2021, 2022, 2023, 2024, 2025","普通高等学校"
"山东省教育厅","菏泽市","高职（专科）","1","2025","普通高等学校"
"山东省教育厅","青岛市","本科","48","2017, 2019, 2020, 2021, 2022, 2023, 2024, 2025","普通高等学校"
"山东省教育厅","青岛市","高职（专科）","27","2017, 2019, 2020, 2021, 2022, 2023, 2024, 2025","普通高等学校"
"山东省教育厅","【小计】","","75","",""
"山西省","临汾市","本科","7","2017, 2019, 2020, 2021, 2022, 2024, 2025","普通高等学校"
"山西省","临汾市","高职（专科）","16","2017, 2019, 2020, 2021, 2022, 2023, 2024, 2025","普通高等学校"
"山西省","吕梁市","本科","9","2017, 2019, 2020, 2021, 2022, 2023, 2024, 2025","普通高等学校"
"山西省","吕梁市","高职（专科）","11","2017, 2019, 2020, 2021, 2022, 2023, 2024, 2025","普通高等学校"
"山西省","大同市","本科","8","2017, 2019, 2020, 2021, 2022, 2023, 2024, 2025","普通高等学校"
"山西省","大同市","高职（专科）","21","2017, 2019, 2020, 2021, 2022, 2023, 2024, 2025","普通高等学校"
"山西省","太原市","本科","105","2017, 2019, 2020, 2021, 2022, 2023, 2024, 2025","普通高等学校"
"山西省","太原市","高职（专科）","164","2017, 2019, 2020, 2021, 2022, 2023, 2024, 2025","普通高等学校"
"山西省","忻州市","本科","8","2017, 2019, 2020, 2021, 2022, 2023, 2024, 2025","普通高等学校"
"山西省","忻州市","高职（专科）","8","2017, 2019, 2020, 2021, 2022, 2023, 2024, 2025","普通高等学校"
"山西省","晋中市","本科","24","2017, 2019, 2020, 2021, 2022, 2023, 2024, 2025","普通高等学校"
"山西省","晋中市","高职（专科）","16","2017, 2019, 2020, 2021, 2022, 2023, 2024, 2025","普通高等学校"
"山西省","晋城市","本科","5","2021, 2022, 2023, 2024, 2025","普通高等学校"
"山西省","晋城市","高职（专科）","8","2017, 2019, 2020, 2021, 2022, 2023, 2024, 2025","普通高等学校"
"山西省","朔州市","本科","5","2021, 2022, 2023, 2024, 2025","普通高等学校"
"山西省","朔州市","高职（专科）","22","2017, 2019, 2020, 2021, 2022, 2023, 2024, 2025","普通高等学校"
"山西省","未知","成人高等教育","72","2017, 2019, 2020, 2021, 2022, 2023, 2024, 2025","成人高等学校"
"山西省","运城市","本科","8","2017, 2019, 2020, 2021, 2022, 2023, 2024, 2025","普通高等学校"
"山西省","运城市","高职（专科）","40","2017, 2019, 2020, 2021, 2022, 2023, 2024, 2025","普通高等学校"
"山西省","长治市","本科","16","2017, 2019, 2020, 2021, 2022, 2023, 2024, 2025","普通高等学校"
"山西省","长治市","高职（专科）","30","2017, 2019, 2020, 2021, 2022, 2023, 2024, 2025","普通高等学校"
"山西省","阳泉市","本科","8","2017, 2019, 2020, 2021, 2022, 2023, 2024, 2025","普通高等学校"
"山西省","阳泉市","高职（专科）","16","2017, 2019, 2020, 2021, 2022, 2023, 2024, 2025","普通高等学校"
"山西省","【小计】","","24","",""
"山西省教育厅","临汾市","本科","6","2017, 2019, 2020, 2021, 2022, 2023","普通高等学校"
"山西省教育厅","临汾市","高职（专科）","8","2017, 2019, 2020, 2021, 2022, 2023, 2024, 2025","普通高等学校"
"山西省教育厅","大同市","高职（专科）","1","2025","普通高等学校"
"山西省教育厅","太原市","本科","44","2017, 2019, 2020, 2021, 2022, 2023, 2024, 2025","普通高等学校"
"山西省教育厅","太原市","高职（专科）","8","2017, 2019, 2020, 2021, 2022, 2023, 2024, 2025","普通高等学校"
"山西省教育厅","晋中市","本科","13","2017, 2019, 2020, 2021, 2022, 2023, 2024, 2025","普通高等学校"
"山西省教育厅","晋中市","高职（专科）","16","2017, 2019, 2020, 2021, 2022, 2023, 2024, 2025","普通高等学校"
"山西省教育厅","运城市","本科","6","2020, 2021, 2022, 2023, 2024, 2025","普通高等学校"
"山西省教育厅","运城市","高职（专科）","2","2017, 2019","普通高等学校"
"山西省教育厅","【小计】","","8","",""
"工业和信息化部","北京市","本科","16","2017, 2019, 2020, 2021, 2022, 2023, 2024, 2025","普通高等学校"
"工业和信息化部","南京市","本科","16","2017, 2019, 2020, 2021, 2022, 2023, 2024, 2025","普通高等学校"
"工业和信息化部","哈尔滨市","本科","16","2017, 2019, 2020, 2021, 2022, 2023, 2024, 2025","普通高等学校"
"工业和信息化部","西安市","本科","8","2017, 2019, 2020, 2021, 2022, 2023, 2024, 2025","普通高等学校"
"工业和信息化部","【小计】","","8","",""
"广东省","东莞市","本科","9","2017, 2019, 2020, 2021, 2022, 2023, 2024, 2025","普通高等学校"
"广东省","东莞市","高职（专科）","8","2017, 2019, 2020, 2021, 2022, 2023, 2024, 2025","普通高等学校"
"广东省","中山市","高职（专科）","16","2017, 2019, 2020, 2021, 2022, 2023, 2024, 2025","普通高等学校"
"广东省","云浮市","高职（专科）","13","2017, 2019, 2020, 2021, 2022, 2023, 2024, 2025","普通高等学校"
"广东省","佛山市","本科","9","2017, 2019, 2020, 2021, 2022, 2023, 2024, 2025","普通高等学校"
"广东省","佛山市","高职（专科）","31","2017, 2019, 2020, 2021, 2022, 2023, 2024, 2025","普通高等学校"
"广东省","广州市","本科","155","2017, 2019, 2020, 2021, 2022, 2023, 2024, 2025","普通高等学校"
"广东省","广州市","高职（专科）","242","2017, 2019, 2020, 2021, 2022, 2023, 2024, 2025","普通高等学校"
"广东省","惠州市","本科","8","2017, 2019, 2020, 2021, 2022, 2023, 2024, 2025","普通高等学校"
"广东省","惠州市","高职（专科）","24","2017, 2019, 2020, 2021, 2022, 2023, 2024, 2025","普通高等学校"
"广东省","揭阳市","高职（专科）","8","2017, 2019, 2020, 2021, 2022, 2023, 2024, 2025","普通高等学校"
"广东省","未知","成人高等教育","104","2017, 2019, 2020, 2021, 2022, 2023, 2024, 2025","成人高等学校"
"广东省","梅州市","本科","8","2017, 2019, 2020, 2021, 2022, 2023, 2024, 2025","普通高等学校"
"广东省","梅州市","高职（专科）","5","2021, 2022, 2023, 2024, 2025","普通高等学校"
"广东省","汕头市","本科","12","2017, 2019, 2020, 2021, 2022, 2023, 2024, 2025","普通高等学校"
"广东省","汕头市","高职（专科）","13","2017, 2019, 2020, 2021, 2022, 2023, 2024, 2025","普通高等学校"
"广东省","汕尾市","高职（专科）","8","2017, 2019, 2020, 2021, 2022, 2023, 2024, 2025","普通高等学校"
"广东省","江门市","本科","8","2017, 2019, 2020, 2021, 2022, 2023, 2024, 2025","普通高等学校"
"广东省","江门市","高职（专科）","23","2017, 2019, 2020, 2021, 2022, 2023, 2024, 2025","普通高等学校"
"广东省","河源市","高职（专科）","8","2017, 2019, 2020, 2021, 2022, 2023, 2024, 2025","普通高等学校"
"广东省","深圳市","本科","33","2017, 2019, 2020, 2021, 2022, 2023, 2024, 2025","普通高等学校"
"广东省","深圳市","高职（专科）","14","2017, 2019, 2020, 2021, 2022, 2023, 2024, 2025","普通高等学校"
"广东省","清远市","高职（专科）","15","2017, 2019, 2020, 2021, 2022, 2023, 2024, 2025","普通高等学校"
"广东省","湛江市","本科","24","2017, 2019, 2020, 2021, 2022, 2023, 2024, 2025","普通高等学校"
"广东省","湛江市","高职（专科）","8","2017, 2019, 2020, 2021, 2022, 2023, 2024, 2025","普通高等学校"
"广东省","潮州市","本科","8","2017, 2019, 2020, 2021, 2022, 2023, 2024, 2025","普通高等学校"
"广东省","潮州市","高职（专科）","5","2021, 2022, 2023, 2024, 2025","普通高等学校"
"广东省","珠海市","高职（专科）","8","2017, 2019, 2020, 2021, 2022, 2023, 2024, 2025","普通高等学校"
"广东省","肇庆市","本科","10","2017, 2019, 2020, 2021, 2022, 2023, 2024, 2025","普通高等学校"
"广东省","肇庆市","高职（专科）","6","2017, 2019, 2020, 2021, 2022, 2023","普通高等学校"
"广东省","茂名市","本科","8","2017, 2019, 2020, 2021, 2022, 2023, 2024, 2025","普通高等学校"
"广东省","茂名市","高职（专科）","31","2017, 2019, 2020, 2021, 2022, 2023, 2024, 2025","普通高等学校"
"广东省","阳江市","高职（专科）","8","2017, 2019, 2020, 2021, 2022, 2023, 2024, 2025","普通高等学校"
"广东省","韶关市","本科","8","2017, 2019, 2020, 2021, 2022, 2023, 2024, 2025","普通高等学校"
"广东省","韶关市","高职（专科）","8","2017, 2019, 2020, 2021, 2022, 2023, 2024, 2025","普通高等学校"
"广东省","【小计】","","16","",""
"广东省教育厅","东莞市","本科","18","2017, 2019, 2020, 2021, 2022, 2023, 2024, 2025","普通高等学校"
"广东省教育厅","东莞市","高职（专科）","22","2017, 2019, 2020, 2021, 2022, 2023, 2024, 2025","普通高等学校"
"广东省教育厅","中山市","本科","8","2017, 2019, 2020, 2021, 2022, 2023, 2024, 2025","普通高等学校"
"广东省教育厅","佛山市","本科","8","2017, 2019, 2020, 2021, 2022, 2023, 2024, 2025","普通高等学校"
"广东省教育厅","广州市","本科","122","2017, 2019, 2020, 2021, 2022, 2023, 2024, 2025","普通高等学校"
"广东省教育厅","广州市","高职（专科）","113","2017, 2019, 2020, 2021, 2022, 2023, 2024, 2025","普通高等学校"
"广东省教育厅","惠州市","高职（专科）","8","2017, 2019, 2020, 2021, 2022, 2023, 2024, 2025","普通高等学校"
"广东省教育厅","揭阳市","高职（专科）","8","2017, 2019, 2020, 2021, 2022, 2023, 2024, 2025","普通高等学校"
"广东省教育厅","未知","成人高等教育","8","2017, 2019, 2020, 2021, 2022, 2023, 2024, 2025","成人高等学校"
"广东省教育厅","汕头市","本科","4","2017, 2023, 2024, 2025","普通高等学校"
"广东省教育厅","江门市","高职（专科）","8","2017, 2019, 2020, 2021, 2022, 2023, 2024, 2025","普通高等学校"
"广东省教育厅","深圳市","本科","12","2017, 2019, 2020, 2021, 2022, 2023, 2024, 2025","普通高等学校"
"广东省教育厅","深圳市","高职（专科）","8","2017, 2019, 2020, 2021, 2022, 2023, 2024, 2025","普通高等学校"
"广东省教育厅","清远市","高职（专科）","8","2017, 2019, 2020, 2021, 2022, 2023, 2024, 2025","普通高等学校"
"广东省教育厅","湛江市","本科","8","2017, 2019, 2020, 2021, 2022, 2023, 2024, 2025","普通高等学校"
"广东省教育厅","湛江市","高职（专科）","8","2017, 2019, 2020, 2021, 2022, 2023, 2024, 2025","普通高等学校"
"广东省教育厅","珠海市","本科","32","2017, 2019, 2020, 2021, 2022, 2023, 2024, 2025","普通高等学校"
"广东省教育厅","珠海市","高职（专科）","11","2017, 2019, 2020, 2021, 2022, 2023, 2024, 2025","普通高等学校"
"广东省教育厅","肇庆市","本科","15","2017, 2019, 2020, 2021, 2022, 2023, 2024, 2025","普通高等学校"
"广东省教育厅","肇庆市","高职（专科）","16","2017, 2019, 2020, 2021, 2022, 2023, 2024, 2025","普通高等学校"
"广东省教育厅","【小计】","","31","",""
"广西壮族自治区","北海市","高职（专科）","8","2017, 2019, 2020, 2021, 2022, 2023, 2024, 2025","普通高等学校"
"广西壮族自治区","南宁市","本科","78","2017, 2019, 2020, 2021, 2022, 2023, 2024, 2025","普通高等学校"
"广西壮族自治区","南宁市","高职（专科）","143","2017, 2019, 2020, 2021, 2022, 2023, 2024, 2025","普通高等学校"
"广西壮族自治区","崇左市","本科","8","2017, 2019, 2020, 2021, 2022, 2023, 2024, 2025","普通高等学校"
"广西壮族自治区","崇左市","高职（专科）","19","2019, 2020, 2021, 2022, 2023, 2024, 2025","普通高等学校"
"广西壮族自治区","未知","成人高等教育","34","2017, 2019, 2020, 2021, 2022, 2023, 2024, 2025","成人高等学校"
"广西壮族自治区","来宾市","本科","8","2017, 2019, 2020, 2021, 2022, 2023, 2024, 2025","普通高等学校"
"广西壮族自治区","柳州市","本科","10","2017, 2019, 2020, 2021, 2022, 2023, 2024, 2025","普通高等学校"
"广西壮族自治区","柳州市","高职（专科）","32","2017, 2019, 2020, 2021, 2022, 2023, 2024, 2025","普通高等学校"
"广西壮族自治区","桂林市","本科","49","2017, 2019, 2020, 2021, 2022, 2023, 2024, 2025","普通高等学校"
"广西壮族自治区","桂林市","高职（专科）","7","2017, 2019, 2020, 2021, 2022, 2023, 2024","普通高等学校"
"广西壮族自治区","梧州市","本科","8","2017, 2019, 2020, 2021, 2022, 2023, 2024, 2025","普通高等学校"
"广西壮族自治区","梧州市","高职（专科）","8","2017, 2019, 2020, 2021, 2022, 2023, 2024, 2025","普通高等学校"
"广西壮族自治区","河池市","本科","8","2017, 2019, 2020, 2021, 2022, 2023, 2024, 2025","普通高等学校"
"广西壮族自治区","河池市","高职（专科）","8","2017, 2019, 2020, 2021, 2022, 2023, 2024, 2025","普通高等学校"
"广西壮族自治区","玉林市","本科","8","2017, 2019, 2020, 2021, 2022, 2023, 2024, 2025","普通高等学校"
"广西壮族自治区","玉林市","高职（专科）","2","2024, 2025","普通高等学校"
"广西壮族自治区","百色市","本科","16","2017, 2019, 2020, 2021, 2022, 2023, 2024, 2025","普通高等学校"
"广西壮族自治区","百色市","高职（专科）","8","2017, 2019, 2020, 2021, 2022, 2023, 2024, 2025","普通高等学校"
"广西壮族自治区","贵港市","高职（专科）","6","2020, 2021, 2022, 2023, 2024, 2025","普通高等学校"
"广西壮族自治区","贺州市","本科","8","2017, 2019, 2020, 2021, 2022, 2023, 2024, 2025","普通高等学校"
"广西壮族自治区","钦州市","本科","8","2017, 2019, 2020, 2021, 2022, 2023, 2024, 2025","普通高等学校"
"广西壮族自治区","钦州市","高职（专科）","6","2020, 2021, 2022, 2023, 2024, 2025","普通高等学校"
"广西壮族自治区","防城港市","高职（专科）","5","2021, 2022, 2023, 2024, 2025","普通高等学校"
"广西壮族自治区","【小计】","","5","",""
"广西壮族自治区教育厅","北海市","本科","10","2021, 2022, 2023, 2024, 2025","普通高等学校"
"广西壮族自治区教育厅","北海市","高职（专科）","5","2021, 2022, 2023, 2024, 2025","普通高等学校"
"广西壮族自治区教育厅","南宁市","本科","25","2021, 2022, 2023, 2024, 2025","普通高等学校"
"广西壮族自治区教育厅","南宁市","高职（专科）","10","2021, 2022, 2023, 2024, 2025","普通高等学校"
"广西壮族自治区教育厅","崇左市","本科","5","2021, 2022, 2023, 2024, 2025","普通高等学校"
"广西壮族自治区教育厅","崇左市","高职（专科）","15","2021, 2022, 2023, 2024, 2025","普通高等学校"
"广西壮族自治区教育厅","来宾市","高职（专科）","5","2021, 2022, 2023, 2024, 2025","普通高等学校"
"广西壮族自治区教育厅","柳州市","本科","5","2021, 2022, 2023, 2024, 2025","普通高等学校"
"广西壮族自治区教育厅","桂林市","本科","15","2021, 2022, 2023, 2024, 2025","普通高等学校"
"广西壮族自治区教育厅","桂林市","高职（专科）","13","2021, 2022, 2023, 2024, 2025","普通高等学校"
"广西壮族自治区教育厅","梧州市","高职（专科）","6","2020, 2021, 2022, 2023, 2024, 2025","普通高等学校"
"广西壮族自治区教育厅","玉林市","高职（专科）","5","2021, 2022, 2023, 2024, 2025","普通高等学校"
"广西壮族自治区教育厅","百色市","高职（专科）","10","2021, 2022, 2023, 2024, 2025","普通高等学校"
"广西壮族自治区教育厅","钦州市","高职（专科）","5","2021, 2022, 2023, 2024, 2025","普通高等学校"
"广西壮族自治区教育厅","【小计】","","5","",""
"广西自治区教育厅","北海市","本科","6","2017, 2019, 2020","普通高等学校"
"广西自治区教育厅","南宁市","本科","18","2017, 2019, 2020","普通高等学校"
"广西自治区教育厅","南宁市","高职（专科）","6","2017, 2019, 2020","普通高等学校"
"广西自治区教育厅","崇左市","本科","2","2019, 2020","普通高等学校"
"广西自治区教育厅","崇左市","高职（专科）","10","2017, 2019, 2020","普通高等学校"
"广西自治区教育厅","来宾市","高职（专科）","3","2017, 2019, 2020","普通高等学校"
"广西自治区教育厅","柳州市","本科","3","2017, 2019, 2020","普通高等学校"
"广西自治区教育厅","桂林市","本科","9","2017, 2019, 2020","普通高等学校"
"广西自治区教育厅","桂林市","高职（专科）","5","2017, 2019, 2020","普通高等学校"
"广西自治区教育厅","玉林市","高职（专科）","3","2017, 2019, 2020","普通高等学校"
"广西自治区教育厅","百色市","高职（专科）","6","2017, 2019, 2020","普通高等学校"
"广西自治区教育厅","钦州市","高职（专科）","3","2017, 2019, 2020","普通高等学校"
"广西自治区教育厅","【小计】","","3","",""
"应急管理部","北京市","本科","7","2019, 2020, 2021, 2022, 2023, 2024, 2025","普通高等学校"
"应急管理部","廊坊市","本科","7","2019, 2020, 2021, 2022, 2023, 2024, 2025","普通高等学校"
"应急管理部","昆明市","高职（专科）","7","2019, 2020, 2021, 2022, 2023, 2024, 2025","普通高等学校"
"应急管理部","【小计】","","7","",""
"总装备部","长沙市","高职（专科）","1","2019","普通高等学校"
"总装备部","【小计】","","1","",""
"教育部","上海市","本科","64","2017, 2019, 2020, 2021, 2022, 2023, 2024, 2025","普通高等学校"
"教育部","兰州市","本科","8","2017, 2019, 2020, 2021, 2022, 2023, 2024, 2025","普通高等学校"
"教育部","北京市","本科","200","2017, 2019, 2020, 2021, 2022, 2023, 2024, 2025","普通高等学校"
"教育部","南京市","本科","40","2017, 2019, 2020, 2021, 2022, 2023, 2024, 2025","普通高等学校"
"教育部","厦门市","本科","8","2017, 2019, 2020, 2021, 2022, 2023, 2024, 2025","普通高等学校"
"教育部","合肥市","本科","8","2017, 2019, 2020, 2021, 2022, 2023, 2024, 2025","普通高等学校"
"教育部","咸阳市","本科","8","2017, 2019, 2020, 2021, 2022, 2023, 2024, 2025","普通高等学校"
"教育部","哈尔滨市","本科","8","2017, 2019, 2020, 2021, 2022, 2023, 2024, 2025","普通高等学校"
"教育部","大连市","本科","8","2017, 2019, 2020, 2021, 2022, 2023, 2024, 2025","普通高等学校"
"教育部","天津市","本科","16","2017, 2019, 2020, 2021, 2022, 2023, 2024, 2025","普通高等学校"
"教育部","广州市","本科","16","2017, 2019, 2020, 2021, 2022, 2023, 2024, 2025","普通高等学校"
"教育部","徐州市","本科","8","2017, 2019, 2020, 2021, 2022, 2023, 2024, 2025","普通高等学校"
"教育部","成都市","本科","32","2017, 2019, 2020, 2021, 2022, 2023, 2024, 2025","普通高等学校"
"教育部","无锡市","本科","8","2017, 2019, 2020, 2021, 2022, 2023, 2024, 2025","普通高等学校"
"教育部","未知","成人高等教育","8","2017, 2019, 2020, 2021, 2022, 2023, 2024, 2025","成人高等学校"
"教育部","杭州市","本科","8","2017, 2019, 2020, 2021, 2022, 2023, 2024, 2025","普通高等学校"
"教育部","武汉市","本科","56","2017, 2019, 2020, 2021, 2022, 2023, 2024, 2025","普通高等学校"
"教育部","沈阳市","本科","8","2017, 2019, 2020, 2021, 2022, 2023, 2024, 2025","普通高等学校"
"教育部","济南市","本科","8","2017, 2019, 2020, 2021, 2022, 2023, 2024, 2025","普通高等学校"
"教育部","西安市","本科","32","2017, 2019, 2020, 2021, 2022, 2023, 2024, 2025","普通高等学校"
"教育部","重庆市","本科","16","2017, 2019, 2020, 2021, 2022, 2023, 2024, 2025","普通高等学校"
"教育部","长春市","本科","16","2017, 2019, 2020, 2021, 2022, 2023, 2024, 2025","普通高等学校"
"教育部","长沙市","本科","16","2017, 2019, 2020, 2021, 2022, 2023, 2024, 2025","普通高等学校"
"教育部","青岛市","本科","16","2017, 2019, 2020, 2021, 2022, 2023, 2024, 2025","普通高等学校"
"教育部","【小计】","","16","",""
"新疆生产建设兵团","乌鲁木齐市","高职（专科）","8","2017, 2019, 2020, 2021, 2022, 2023, 2024, 2025","普通高等学校"
"新疆生产建设兵团","五家渠市","高职（专科）","3","2017, 2019, 2020","普通高等学校"
"新疆生产建设兵团","双河市","高职（专科）","2","2024, 2025","普通高等学校"
"新疆生产建设兵团","可克达拉市","高职（专科）","3","2023, 2024, 2025","普通高等学校"
"新疆生产建设兵团","和田地区","本科","1","2025","普通高等学校"
"新疆生产建设兵团","喀什地区","本科","1","2025","普通高等学校"
"新疆生产建设兵团","图木舒克市","本科","5","2021, 2022, 2023, 2024, 2025","普通高等学校"
"新疆生产建设兵团","图木舒克市","高职（专科）","3","2023, 2024, 2025","普通高等学校"
"新疆生产建设兵团","新星市","高职（专科）","3","2023, 2024, 2025","普通高等学校"
"新疆生产建设兵团","昆玉市","高职（专科）","3","2023, 2024, 2025","普通高等学校"
"新疆生产建设兵团","未知","成人高等教育","18","2017, 2019, 2020, 2021, 2022, 2023, 2024, 2025","成人高等学校"
"新疆生产建设兵团","石河子市","本科","8","2017, 2019, 2020, 2021, 2022, 2023, 2024, 2025","普通高等学校"
"新疆生产建设兵团","石河子市","高职（专科）","15","2017, 2019, 2020, 2021, 2022, 2023, 2024, 2025","普通高等学校"
"新疆生产建设兵团","铁门关市","高职（专科）","7","2019, 2020, 2021, 2022, 2023, 2024, 2025","普通高等学校"
"新疆生产建设兵团","阿拉尔市","本科","8","2017, 2019, 2020, 2021, 2022, 2023, 2024, 2025","普通高等学校"
"新疆生产建设兵团","阿拉尔市","高职（专科）","6","2020, 2021, 2022, 2023, 2024, 2025","普通高等学校"
"新疆生产建设兵团","【小计】","","14","",""
"新疆生产建设兵团教育局","石河子市","本科","1","2020","普通高等学校"
"新疆生产建设兵团教育局","阿拉尔市","本科","1","2025","普通高等学校"
"新疆生产建设兵团教育局","【小计】","","1","",""
"新疆维吾尔自治区","乌鲁木齐市","本科","66","2017, 2019, 2020, 2021, 2022, 2023, 2024, 2025","普通高等学校"
"新疆维吾尔自治区","乌鲁木齐市","高职（专科）","83","2017, 2019, 2020, 2021, 2022, 2023, 2024, 2025","普通高等学校"
"新疆维吾尔自治区","伊犁哈萨克 自治州","本科","1","2017","普通高等学校"
"新疆维吾尔自治区","伊犁哈萨克 自治州","高职（专科）","2","2017","普通高等学校"
"新疆维吾尔自治区","伊犁哈萨克自治州","本科","7","2019, 2020, 2021, 2022, 2023, 2024, 2025","普通高等学校"
"新疆维吾尔自治区","伊犁哈萨克自治州","高职（专科）","14","2019, 2020, 2021, 2022, 2023, 2024, 2025","普通高等学校"
"新疆维吾尔自治区","克孜勒苏柯尔克孜自治州","高职（专科）","6","2020, 2021, 2022, 2023, 2024, 2025","普通高等学校"
"新疆维吾尔自治区","克孜勒苏自治州","高职（专科）","1","2019","普通高等学校"
"新疆维吾尔自治区","克拉玛依市","本科","5","2021, 2022, 2023, 2024, 2025","普通高等学校"
"新疆维吾尔自治区","克拉玛依市","高职（专科）","8","2017, 2019, 2020, 2021, 2022, 2023, 2024, 2025","普通高等学校"
"新疆维吾尔自治区","博尔塔拉蒙古自治州","高职（专科）","8","2017, 2019, 2020, 2021, 2022, 2023, 2024, 2025","普通高等学校"
"新疆维吾尔自治区","吐鲁番市","高职（专科）","8","2017, 2019, 2020, 2021, 2022, 2023, 2024, 2025","普通高等学校"
"新疆维吾尔自治区","和田地区","本科","2","2024, 2025","普通高等学校"
"新疆维吾尔自治区","和田地区","高职（专科）","19","2017, 2019, 2020, 2021, 2022, 2023, 2024, 2025","普通高等学校"
"新疆维吾尔自治区","哈密市","高职（专科）","8","2017, 2019, 2020, 2021, 2022, 2023, 2024, 2025","普通高等学校"
"新疆维吾尔自治区","喀什地区","本科","8","2017, 2019, 2020, 2021, 2022, 2023, 2024, 2025","普通高等学校"
"新疆维吾尔自治区","喀什地区","高职（专科）","10","2019, 2020, 2021, 2022, 2023, 2024, 2025","普通高等学校"
"新疆维吾尔自治区","塔城地区","高职（专科）","6","2020, 2021, 2022, 2023, 2024, 2025","普通高等学校"
"新疆维吾尔自治区","巴音郭楞蒙古自治州","本科","6","2020, 2021, 2022, 2023, 2024, 2025","普通高等学校"
"新疆维吾尔自治区","巴音郭楞蒙古自治州","高职（专科）","8","2017, 2019, 2020, 2021, 2022, 2023, 2024, 2025","普通高等学校"
"新疆维吾尔自治区","昌吉回族 自治州","本科","1","2017","普通高等学校"
"新疆维吾尔自治区","昌吉回族 自治州","高职（专科）","2","2017","普通高等学校"
"新疆维吾尔自治区","昌吉回族自治州","本科","9","2019, 2020, 2021, 2022, 2023, 2024, 2025","普通高等学校"
"新疆维吾尔自治区","昌吉回族自治州","高职（专科）","13","2019, 2020, 2021, 2022, 2023, 2024, 2025","普通高等学校"
"新疆维吾尔自治区","未知","成人高等教育","30","2017, 2019, 2020, 2021, 2022, 2023, 2024, 2025","成人高等学校"
"新疆维吾尔自治区","阿克苏地区","本科","7","2019, 2020, 2021, 2022, 2023, 2024, 2025","普通高等学校"
"新疆维吾尔自治区","阿克苏地区","高职（专科）","11","2017, 2019, 2020, 2021, 2022, 2023, 2024, 2025","普通高等学校"
"新疆维吾尔自治区","阿勒泰地区","高职（专科）","7","2019, 2020, 2021, 2022, 2023, 2024, 2025","普通高等学校"
"新疆维吾尔自治区","【小计】","","7","",""
"新疆维吾尔自治区教育厅","乌鲁木齐市","本科","10","2021, 2022, 2023, 2024, 2025","普通高等学校"
"新疆维吾尔自治区教育厅","乌鲁木齐市","高职（专科）","15","2021, 2022, 2023, 2024, 2025","普通高等学校"
"新疆维吾尔自治区教育厅","五家渠市","高职（专科）","5","2021, 2022, 2023, 2024, 2025","普通高等学校"
"新疆维吾尔自治区教育厅","【小计】","","5","",""
"新疆自治区教育厅","乌鲁木齐市","本科","10","2017, 2019, 2020","普通高等学校"
"新疆自治区教育厅","乌鲁木齐市","高职（专科）","12","2017, 2019, 2020","普通高等学校"
"新疆自治区教育厅","五家渠市","高职（专科）","1","2020","普通高等学校"
"新疆自治区教育厅","石河子市","本科","2","2017, 2019","普通高等学校"
"新疆自治区教育厅","【小计】","","2","",""
"最高人民检察院","未知","成人高等教育","8","2017, 2019, 2020, 2021, 2022, 2023, 2024, 2025","成人高等学校"
"最高人民检察院","【小计】","","8","",""
"最高人民法院","未知","成人高等教育","8","2017, 2019, 2020, 2021, 2022, 2023, 2024, 2025","成人高等学校"
"最高人民法院","【小计】","","8","",""
"民政部","北京市","本科","2","2024, 2025","普通高等学校"
"民政部","【小计】","","2","",""
"江苏省","南京市","本科","142","2017, 2019, 2020, 2021, 2022, 2023, 2024, 2025","普通高等学校"
"江苏省","南京市","高职（专科）","100","2017, 2019, 2020, 2021, 2022, 2023, 2024, 2025","普通高等学校"
"江苏省","南通市","本科","8","2017, 2019, 2020, 2021, 2022, 2023, 2024, 2025","普通高等学校"
"江苏省","南通市","高职（专科）","49","2017, 2019, 2020, 2021, 2022, 2023, 2024, 2025","普通高等学校"
"江苏省","宿迁市","本科","6","2020, 2021, 2022, 2023, 2024, 2025","普通高等学校"
"江苏省","宿迁市","高职（专科）","10","2017, 2019, 2020, 2021, 2022, 2023, 2024, 2025","普通高等学校"
"江苏省","常州市","本科","24","2017, 2019, 2020, 2021, 2022, 2023, 2024, 2025","普通高等学校"
"江苏省","常州市","高职（专科）","53","2017, 2019, 2020, 2021, 2022, 2023, 2024, 2025","普通高等学校"
"江苏省","徐州市","本科","24","2017, 2019, 2020, 2021, 2022, 2023, 2024, 2025","普通高等学校"
"江苏省","徐州市","高职（专科）","40","2017, 2019, 2020, 2021, 2022, 2023, 2024, 2025","普通高等学校"
"江苏省","扬州市","本科","9","2017, 2019, 2020, 2021, 2022, 2023, 2024, 2025","普通高等学校"
"江苏省","扬州市","高职（专科）","31","2017, 2019, 2020, 2021, 2022, 2023, 2024, 2025","普通高等学校"
"江苏省","无锡市","本科","6","2021, 2022, 2023, 2024, 2025","普通高等学校"
"江苏省","无锡市","高职（专科）","57","2017, 2019, 2020, 2021, 2022, 2023, 2024, 2025","普通高等学校"
"江苏省","未知","成人高等教育","56","2017, 2019, 2020, 2021, 2022, 2023, 2024, 2025","成人高等学校"
"江苏省","泰州市","本科","8","2017, 2019, 2020, 2021, 2022, 2023, 2024, 2025","普通高等学校"
"江苏省","泰州市","高职（专科）","16","2017, 2019, 2020, 2021, 2022, 2023, 2024, 2025","普通高等学校"
"江苏省","淮安市","本科","16","2017, 2019, 2020, 2021, 2022, 2023, 2024, 2025","普通高等学校"
"江苏省","淮安市","高职（专科）","32","2017, 2019, 2020, 2021, 2022, 2023, 2024, 2025","普通高等学校"
"江苏省","盐城市","本科","16","2017, 2019, 2020, 2021, 2022, 2023, 2024, 2025","普通高等学校"
"江苏省","盐城市","高职（专科）","26","2017, 2019, 2020, 2021, 2022, 2023, 2024, 2025","普通高等学校"
"江苏省","苏州市","本科","30","2017, 2019, 2020, 2021, 2022, 2023, 2024, 2025","普通高等学校"
"江苏省","苏州市","高职（专科）","96","2017, 2019, 2020, 2021, 2022, 2023, 2024, 2025","普通高等学校"
"江苏省","连云港市","本科","9","2017, 2019, 2020, 2021, 2022, 2023, 2024, 2025","普通高等学校"
"江苏省","连云港市","高职（专科）","23","2017, 2019, 2020, 2021, 2022, 2023, 2024, 2025","普通高等学校"
"江苏省","镇江市","本科","16","2017, 2019, 2020, 2021, 2022, 2023, 2024, 2025","普通高等学校"
"江苏省","镇江市","高职（专科）","24","2017, 2019, 2020, 2021, 2022, 2023, 2024, 2025","普通高等学校"
"江苏省","【小计】","","40","",""
"江苏省教育厅","南京市","本科","69","2017, 2019, 2020, 2021, 2022, 2023, 2024, 2025","普通高等学校"
"江苏省教育厅","南京市","高职（专科）","40","2017, 2019, 2020, 2021, 2022, 2023, 2024, 2025","普通高等学校"
"江苏省教育厅","南通市","本科","16","2017, 2019, 2020, 2021, 2022, 2023, 2024, 2025","普通高等学校"
"江苏省教育厅","宿迁市","本科","2","2017, 2019","普通高等学校"
"江苏省教育厅","宿迁市","高职（专科）","8","2017, 2019, 2020, 2021, 2022, 2023, 2024, 2025","普通高等学校"
"江苏省教育厅","常州市","高职（专科）","8","2017, 2019, 2020, 2021, 2022, 2023, 2024, 2025","普通高等学校"
"江苏省教育厅","张家港市","本科","2","2017, 2019","普通高等学校"
"江苏省教育厅","徐州市","本科","16","2017, 2019, 2020, 2021, 2022, 2023, 2024, 2025","普通高等学校"
"江苏省教育厅","徐州市","高职（专科）","8","2017, 2019, 2020, 2021, 2022, 2023, 2024, 2025","普通高等学校"
"江苏省教育厅","扬州市","本科","16","2017, 2019, 2020, 2021, 2022, 2023, 2024, 2025","普通高等学校"
"江苏省教育厅","扬州市","高职（专科）","16","2017, 2019, 2020, 2021, 2022, 2023, 2024, 2025","普通高等学校"
"江苏省教育厅","无锡市","本科","10","2017, 2019, 2020, 2021, 2022, 2023, 2024, 2025","普通高等学校"
"江苏省教育厅","无锡市","高职（专科）","24","2017, 2019, 2020, 2021, 2022, 2023, 2024, 2025","普通高等学校"
"江苏省教育厅","昆山市","本科","8","2017, 2019, 2020, 2021, 2022, 2023, 2024, 2025","普通高等学校"
"江苏省教育厅","泰州市","本科","32","2017, 2019, 2020, 2021, 2022, 2023, 2024, 2025","普通高等学校"
"江苏省教育厅","淮安市","高职（专科）","8","2017, 2019, 2020, 2021, 2022, 2023, 2024, 2025","普通高等学校"
"江苏省教育厅","盐城市","高职（专科）","8","2017, 2019, 2020, 2021, 2022, 2023, 2024, 2025","普通高等学校"
"江苏省教育厅","苏州市","本科","32","2017, 2019, 2020, 2021, 2022, 2023, 2024, 2025","普通高等学校"
"江苏省教育厅","苏州市","高职（专科）","40","2017, 2019, 2020, 2021, 2022, 2023, 2024, 2025","普通高等学校"
"江苏省教育厅","连云港市","本科","8","2017, 2019, 2020, 2021, 2022, 2023, 2024, 2025","普通高等学校"
"江苏省教育厅","镇江市","本科","21","2017, 2019, 2020, 2021, 2022, 2023, 2024, 2025","普通高等学校"
"江苏省教育厅","镇江市","高职（专科）","8","2017, 2019, 2020, 2021, 2022, 2023, 2024, 2025","普通高等学校"
"江苏省教育厅","【小计】","","29","",""
"江西省","上饶市","本科","8","2017, 2019, 2020, 2021, 2022, 2023, 2024, 2025","普通高等学校"
"江西省","上饶市","高职（专科）","34","2017, 2019, 2020, 2021, 2022, 2023, 2024, 2025","普通高等学校"
"江西省","九江市","本科","10","2017, 2019, 2020, 2021, 2022, 2023, 2024, 2025","普通高等学校"
"江西省","九江市","高职（专科）","23","2017, 2019, 2020, 2021, 2022, 2023, 2024, 2025","普通高等学校"
"江西省","南昌市","本科","103","2017, 2019, 2020, 2021, 2022, 2023, 2024, 2025","普通高等学校"
"江西省","南昌市","高职（专科）","177","2017, 2019, 2020, 2021, 2022, 2023, 2024, 2025","普通高等学校"
"江西省","吉安市","本科","8","2017, 2019, 2020, 2021, 2022, 2023, 2024, 2025","普通高等学校"
"江西省","吉安市","高职（专科）","11","2017, 2019, 2020, 2021, 2022, 2023, 2024, 2025","普通高等学校"
"江西省","宜春市","本科","8","2017, 2019, 2020, 2021, 2022, 2023, 2024, 2025","普通高等学校"
"江西省","宜春市","高职（专科）","24","2017, 2019, 2020, 2021, 2022, 2023, 2024, 2025","普通高等学校"
"江西省","抚州市","本科","14","2017, 2019, 2020, 2021, 2022, 2023, 2024, 2025","普通高等学校"
"江西省","抚州市","高职（专科）","23","2017, 2019, 2020, 2021, 2022, 2023, 2024, 2025","普通高等学校"
"江西省","新余市","本科","8","2017, 2019, 2020, 2021, 2022, 2023, 2024, 2025","普通高等学校"
"江西省","新余市","高职（专科）","9","2017, 2019, 2020, 2021, 2022, 2023, 2024, 2025","普通高等学校"
"江西省","景德镇市","本科","16","2017, 2019, 2020, 2021, 2022, 2023, 2024, 2025","普通高等学校"
"江西省","景德镇市","高职（专科）","8","2017, 2019, 2020, 2021, 2022, 2023, 2024, 2025","普通高等学校"
"江西省","未知","成人高等教育","47","2017, 2019, 2020, 2021, 2022, 2023, 2024, 2025","成人高等学校"
"江西省","萍乡市","本科","8","2017, 2019, 2020, 2021, 2022, 2023, 2024, 2025","普通高等学校"
"江西省","萍乡市","高职（专科）","23","2017, 2019, 2020, 2021, 2022, 2023, 2024, 2025","普通高等学校"
"江西省","赣州市","本科","29","2017, 2019, 2020, 2021, 2022, 2023, 2024, 2025","普通高等学校"
"江西省","赣州市","高职（专科）","39","2017, 2019, 2020, 2021, 2022, 2023, 2024, 2025","普通高等学校"
"江西省","鹰潭市","高职（专科）","16","2017, 2019, 2020, 2021, 2022, 2023, 2024, 2025","普通高等学校"
"江西省","【小计】","","16","",""
"江西省教育厅","九江市","本科","9","2017, 2019, 2020, 2021, 2022, 2023, 2024, 2025","普通高等学校"
"江西省教育厅","九江市","高职（专科）","21","2017, 2019, 2020, 2021, 2022, 2023, 2024, 2025","普通高等学校"
"江西省教育厅","南昌市","本科","113","2017, 2019, 2020, 2021, 2022, 2023, 2024, 2025","普通高等学校"
"江西省教育厅","南昌市","高职（专科）","40","2017, 2019, 2020, 2021, 2022, 2023, 2024, 2025","普通高等学校"
"江西省教育厅","宜春市","高职（专科）","10","2017, 2019, 2020, 2021, 2022, 2023, 2024, 2025","普通高等学校"
"江西省教育厅","抚州市","本科","3","2017, 2019, 2020","普通高等学校"
"江西省教育厅","抚州市","高职（专科）","2","2024, 2025","普通高等学校"
"江西省教育厅","新余市","本科","8","2017, 2019, 2020, 2021, 2022, 2023, 2024, 2025","普通高等学校"
"江西省教育厅","新余市","高职（专科）","16","2017, 2019, 2020, 2021, 2022, 2023, 2024, 2025","普通高等学校"
"江西省教育厅","景德镇市","本科","8","2017, 2019, 2020, 2021, 2022, 2023, 2024, 2025","普通高等学校"
"江西省教育厅","景德镇市","高职（专科）","8","2017, 2019, 2020, 2021, 2022, 2023, 2024, 2025","普通高等学校"
"江西省教育厅","赣州市","本科","11","2017, 2019, 2020, 2021, 2022, 2023, 2024, 2025","普通高等学校"
"江西省教育厅","赣州市","高职（专科）","7","2021, 2022, 2023, 2024, 2025","普通高等学校"
"江西省教育厅","鹰潭市","高职（专科）","1","2025","普通高等学校"
"江西省教育厅","【小计】","","1","",""
"河北省","保定市","本科","32","2017, 2019, 2020, 2021, 2022, 2023, 2024, 2025","普通高等学校"
"河北省","保定市","高职（专科）","48","2017, 2019, 2020, 2021, 2022, 2023, 2024, 2025","普通高等学校"
"河北省","唐山市","本科","26","2017, 2019, 2020, 2021, 2022, 2023, 2024, 2025","普通高等学校"
"河北省","唐山市","高职（专科）","38","2017, 2019, 2020, 2021, 2022, 2023, 2024, 2025","普通高等学校"
"河北省","天津市","本科","8","2017, 2019, 2020, 2021, 2022, 2023, 2024, 2025","普通高等学校"
"河北省","廊坊市","本科","16","2017, 2019, 2020, 2021, 2022, 2023, 2024, 2025","普通高等学校"
"河北省","廊坊市","高职（专科）","32","2017, 2019, 2020, 2021, 2022, 2023, 2024, 2025","普通高等学校"
"河北省","张家口市","本科","24","2017, 2019, 2020, 2021, 2022, 2023, 2024, 2025","普通高等学校"
"河北省","张家口市","高职（专科）","16","2017, 2019, 2020, 2021, 2022, 2023, 2024, 2025","普通高等学校"
"河北省","承德市","本科","21","2017, 2019, 2020, 2021, 2022, 2023, 2024, 2025","普通高等学校"
"河北省","承德市","高职（专科）","26","2017, 2019, 2020, 2021, 2022, 2023, 2024, 2025","普通高等学校"
"河北省","未知","成人高等教育","36","2017, 2019, 2020, 2021, 2022, 2023, 2024, 2025","成人高等学校"
"河北省","沧州市","本科","16","2017, 2019, 2020, 2021, 2022, 2023, 2024, 2025","普通高等学校"
"河北省","沧州市","高职（专科）","32","2017, 2019, 2020, 2021, 2022, 2023, 2024, 2025","普通高等学校"
"河北省","石家庄市","本科","77","2017, 2019, 2020, 2021, 2022, 2023, 2024, 2025","普通高等学校"
"河北省","石家庄市","高职（专科）","119","2017, 2019, 2020, 2021, 2022, 2023, 2024, 2025","普通高等学校"
"河北省","秦皇岛市","本科","24","2017, 2019, 2020, 2021, 2022, 2023, 2024, 2025","普通高等学校"
"河北省","秦皇岛市","高职（专科）","27","2017, 2019, 2020, 2021, 2022, 2023, 2024, 2025","普通高等学校"
"河北省","衡水市","本科","8","2017, 2019, 2020, 2021, 2022, 2023, 2024, 2025","普通高等学校"
"河北省","衡水市","高职（专科）","11","2017, 2019, 2020, 2021, 2022, 2023, 2024, 2025","普通高等学校"
"河北省","邢台市","本科","15","2017, 2019, 2020, 2021, 2022, 2023, 2024, 2025","普通高等学校"
"河北省","邢台市","高职（专科）","17","2017, 2019, 2020, 2021, 2022, 2023, 2024, 2025","普通高等学校"
"河北省","邯郸市","本科","16","2017, 2019, 2020, 2021, 2022, 2023, 2024, 2025","普通高等学校"
"河北省","邯郸市","高职（专科）","28","2017, 2019, 2020, 2021, 2022, 2023, 2024, 2025","普通高等学校"
"河北省","【小计】","","44","",""
"河北省教育厅","保定市","本科","35","2017, 2019, 2020, 2021, 2022, 2023, 2024, 2025","普通高等学校"
"河北省教育厅","唐山市","本科","16","2017, 2019, 2020, 2021, 2022, 2023, 2024, 2025","普通高等学校"
"河北省教育厅","唐山市","高职（专科）","14","2017, 2019, 2020, 2021, 2022, 2023, 2024, 2025","普通高等学校"
"河北省教育厅","廊坊市","本科","27","2017, 2019, 2020, 2021, 2022, 2023, 2024, 2025","普通高等学校"
"河北省教育厅","沧州市","本科","8","2017, 2019, 2020, 2021, 2022, 2023, 2024, 2025","普通高等学校"
"河北省教育厅","沧州市","高职（专科）","11","2017, 2019, 2020, 2021, 2022, 2023, 2024, 2025","普通高等学校"
"河北省教育厅","石家庄市","本科","75","2017, 2019, 2020, 2021, 2022, 2023, 2024, 2025","普通高等学校"
"河北省教育厅","石家庄市","高职（专科）","82","2017, 2019, 2020, 2021, 2022, 2023, 2024, 2025","普通高等学校"
"河北省教育厅","秦皇岛市","本科","8","2017, 2019, 2020, 2021, 2022, 2023, 2024, 2025","普通高等学校"
"河北省教育厅","邢台市","高职（专科）","7","2021, 2022, 2023, 2024, 2025","普通高等学校"
"河北省教育厅","邯郸市","本科","8","2017, 2019, 2020, 2021, 2022, 2023, 2024, 2025","普通高等学校"
"河北省教育厅","邯郸市","高职（专科）","3","2023, 2024, 2025","普通高等学校"
"河北省教育厅","【小计】","","11","",""
"河南省","三门峡市","高职（专科）","16","2017, 2019, 2020, 2021, 2022, 2023, 2024, 2025","普通高等学校"
"河南省","信阳市","本科","16","2017, 2019, 2020, 2021, 2022, 2023, 2024, 2025","普通高等学校"
"河南省","信阳市","高职（专科）","13","2017, 2019, 2020, 2021, 2022, 2023, 2024, 2025","普通高等学校"
"河南省","南阳市","本科","16","2017, 2019, 2020, 2021, 2022, 2023, 2024, 2025","普通高等学校"
"河南省","南阳市","高职（专科）","33","2017, 2019, 2020, 2021, 2022, 2023, 2024, 2025","普通高等学校"
"河南省","周口市","本科","8","2017, 2019, 2020, 2021, 2022, 2023, 2024, 2025","普通高等学校"
"河南省","周口市","高职（专科）","16","2017, 2019, 2020, 2021, 2022, 2023, 2024, 2025","普通高等学校"
"河南省","商丘市","本科","8","2017, 2019, 2020, 2021, 2022, 2023, 2024, 2025","普通高等学校"
"河南省","商丘市","高职（专科）","27","2017, 2019, 2020, 2021, 2022, 2023, 2024, 2025","普通高等学校"
"河南省","安阳市","本科","16","2017, 2019, 2020, 2021, 2022, 2023, 2024, 2025","普通高等学校"
"河南省","安阳市","高职（专科）","24","2017, 2019, 2020, 2021, 2022, 2023, 2024, 2025","普通高等学校"
"河南省","平顶山市","本科","16","2017, 2019, 2020, 2021, 2022, 2023, 2024, 2025","普通高等学校"
"河南省","平顶山市","高职（专科）","29","2017, 2019, 2020, 2021, 2022, 2023, 2024, 2025","普通高等学校"
"河南省","开封市","本科","9","2017, 2019, 2020, 2021, 2022, 2023, 2024, 2025","普通高等学校"
"河南省","开封市","高职（专科）","35","2017, 2019, 2020, 2021, 2022, 2023, 2024, 2025","普通高等学校"
"河南省","新乡市","本科","40","2017, 2019, 2020, 2021, 2022, 2023, 2024, 2025","普通高等学校"
"河南省","新乡市","高职（专科）","21","2017, 2019, 2020, 2021, 2022, 2023, 2024, 2025","普通高等学校"
"河南省","未知","成人高等教育","81","2017, 2019, 2020, 2021, 2022, 2023, 2024, 2025","成人高等学校"
"河南省","洛阳市","本科","24","2017, 2019, 2020, 2021, 2022, 2023, 2024, 2025","普通高等学校"
"河南省","洛阳市","高职（专科）","29","2017, 2019, 2020, 2021, 2022, 2023, 2024, 2025","普通高等学校"
"河南省","济源市","高职（专科）","8","2017, 2019, 2020, 2021, 2022, 2023, 2024, 2025","普通高等学校"
"河南省","漯河市","高职（专科）","16","2017, 2019, 2020, 2021, 2022, 2023, 2024, 2025","普通高等学校"
"河南省","濮阳市","高职（专科）","25","2017, 2019, 2020, 2021, 2022, 2023, 2024, 2025","普通高等学校"
"河南省","焦作市","本科","8","2017, 2019, 2020, 2021, 2022, 2023, 2024, 2025","普通高等学校"
"河南省","焦作市","高职（专科）","24","2017, 2019, 2020, 2021, 2022, 2023, 2024, 2025","普通高等学校"
"河南省","许昌市","本科","8","2017, 2019, 2020, 2021, 2022, 2023, 2024, 2025","普通高等学校"
"河南省","许昌市","高职（专科）","16","2017, 2019, 2020, 2021, 2022, 2023, 2024, 2025","普通高等学校"
"河南省","郑州市","本科","122","2017, 2019, 2020, 2021, 2022, 2023, 2024, 2025","普通高等学校"
"河南省","郑州市","高职（专科）","207","2017, 2019, 2020, 2021, 2022, 2023, 2024, 2025","普通高等学校"
"河南省","驻马店市","本科","8","2017, 2019, 2020, 2021, 2022, 2023, 2024, 2025","普通高等学校"
"河南省","驻马店市","高职（专科）","18","2017, 2019, 2020, 2021, 2022, 2023, 2024, 2025","普通高等学校"
"河南省","鹤壁市","高职（专科）","9","2017, 2019, 2020, 2021, 2022, 2023, 2024, 2025","普通高等学校"
"河南省","【小计】","","9","",""
"河南省教育厅","信阳市","本科","8","2017, 2019, 2020, 2021, 2022, 2023, 2024, 2025","普通高等学校"
"河南省教育厅","信阳市","高职（专科）","19","2017, 2019, 2020, 2021, 2022, 2023, 2024, 2025","普通高等学校"
"河南省教育厅","南阳市","高职（专科）","8","2017, 2019, 2020, 2021, 2022, 2023, 2024, 2025","普通高等学校"
"河南省教育厅","周口市","本科","7","2019, 2020, 2021, 2022, 2023, 2024, 2025","普通高等学校"
"河南省教育厅","周口市","高职（专科）","4","2017, 2024, 2025","普通高等学校"
"河南省教育厅","商丘市","本科","16","2017, 2019, 2020, 2021, 2022, 2023, 2024, 2025","普通高等学校"
"河南省教育厅","安阳市","本科","8","2017, 2019, 2020, 2021, 2022, 2023, 2024, 2025","普通高等学校"
"河南省教育厅","安阳市","高职（专科）","6","2020, 2021, 2022, 2023, 2024, 2025","普通高等学校"
"河南省教育厅","平顶山市","高职（专科）","9","2017, 2019, 2020, 2021, 2022, 2023, 2024, 2025","普通高等学校"
"河南省教育厅","开封市","本科","8","2017, 2019, 2020, 2021, 2022, 2023, 2024, 2025","普通高等学校"
"河南省教育厅","开封市","高职（专科）","5","2023, 2024, 2025","普通高等学校"
"河南省教育厅","新乡市","本科","16","2017, 2019, 2020, 2021, 2022, 2023, 2024, 2025","普通高等学校"
"河南省教育厅","新乡市","高职（专科）","10","2017, 2019, 2020, 2021, 2022, 2023, 2024, 2025","普通高等学校"
"河南省教育厅","洛阳市","高职（专科）","11","2017, 2019, 2020, 2021, 2022, 2023, 2024, 2025","普通高等学校"
"河南省教育厅","漯河市","本科","2","2024, 2025","普通高等学校"
"河南省教育厅","漯河市","高职（专科）","6","2017, 2019, 2020, 2021, 2022, 2023","普通高等学校"
"河南省教育厅","焦作市","本科","8","2017, 2019, 2020, 2021, 2022, 2023, 2024, 2025","普通高等学校"
"河南省教育厅","焦作市","高职（专科）","11","2017, 2019, 2020, 2021, 2022, 2023, 2024, 2025","普通高等学校"
"河南省教育厅","许昌市","高职（专科）","8","2017, 2019, 2020, 2021, 2022, 2023, 2024, 2025","普通高等学校"
"河南省教育厅","郑州市","本科","83","2017, 2019, 2020, 2021, 2022, 2023, 2024, 2025","普通高等学校"
"河南省教育厅","郑州市","高职（专科）","117","2017, 2019, 2020, 2021, 2022, 2023, 2024, 2025","普通高等学校"
"河南省教育厅","鹤壁市","高职（专科）","15","2017, 2019, 2020, 2021, 2022, 2023, 2024, 2025","普通高等学校"
"河南省教育厅","【小计】","","15","",""
"浙江省","丽水市","本科","8","2017, 2019, 2020, 2021, 2022, 2023, 2024, 2025","普通高等学校"
"浙江省","丽水市","高职（专科）","8","2017, 2019, 2020, 2021, 2022, 2023, 2024, 2025","普通高等学校"
"浙江省","台州市","本科","8","2017, 2019, 2020, 2021, 2022, 2023, 2024, 2025","普通高等学校"
"浙江省","台州市","高职（专科）","16","2017, 2019, 2020, 2021, 2022, 2023, 2024, 2025","普通高等学校"
"浙江省","嘉兴市","本科","13","2017, 2019, 2020, 2021, 2022, 2023, 2024, 2025","普通高等学校"
"浙江省","嘉兴市","高职（专科）","8","2017, 2019, 2020, 2021, 2022, 2023, 2024, 2025","普通高等学校"
"浙江省","宁波市","本科","36","2017, 2019, 2020, 2021, 2022, 2023, 2024, 2025","普通高等学校"
"浙江省","宁波市","高职（专科）","49","2017, 2019, 2020, 2021, 2022, 2023, 2024, 2025","普通高等学校"
"浙江省","未知","成人高等教育","65","2017, 2019, 2020, 2021, 2022, 2023, 2024, 2025","成人高等学校"
"浙江省","杭州市","本科","145","2017, 2019, 2020, 2021, 2022, 2023, 2024, 2025","普通高等学校"
"浙江省","杭州市","高职（专科）","125","2017, 2019, 2020, 2021, 2022, 2023, 2024, 2025","普通高等学校"
"浙江省","温州市","本科","21","2017, 2019, 2020, 2021, 2022, 2023, 2024, 2025","普通高等学校"
"浙江省","温州市","高职（专科）","32","2017, 2019, 2020, 2021, 2022, 2023, 2024, 2025","普通高等学校"
"浙江省","湖州市","本科","13","2017, 2019, 2020, 2021, 2022, 2023, 2024, 2025","普通高等学校"
"浙江省","湖州市","高职（专科）","8","2017, 2019, 2020, 2021, 2022, 2023, 2024, 2025","普通高等学校"
"浙江省","绍兴市","本科","9","2017, 2019, 2020, 2021, 2022, 2023, 2024, 2025","普通高等学校"
"浙江省","绍兴市","高职（专科）","24","2017, 2019, 2020, 2021, 2022, 2023, 2024, 2025","普通高等学校"
"浙江省","舟山市","本科","8","2017, 2019, 2020, 2021, 2022, 2023, 2024, 2025","普通高等学校"
"浙江省","舟山市","高职（专科）","16","2017, 2019, 2020, 2021, 2022, 2023, 2024, 2025","普通高等学校"
"浙江省","衢州市","本科","8","2017, 2019, 2020, 2021, 2022, 2023, 2024, 2025","普通高等学校"
"浙江省","衢州市","高职（专科）","8","2017, 2019, 2020, 2021, 2022, 2023, 2024, 2025","普通高等学校"
"浙江省","金华市","本科","10","2017, 2019, 2020, 2021, 2022, 2023, 2024, 2025","普通高等学校"
"浙江省","金华市","高职（专科）","14","2017, 2019, 2020, 2021, 2022, 2023, 2024, 2025","普通高等学校"
"浙江省","【小计】","","24","",""
"浙江省教育厅","台州市","高职（专科）","8","2017, 2019, 2020, 2021, 2022, 2023, 2024, 2025","普通高等学校"
"浙江省教育厅","嘉兴市","本科","19","2017, 2019, 2020, 2021, 2022, 2023, 2024, 2025","普通高等学校"
"浙江省教育厅","嘉兴市","高职（专科）","8","2017, 2019, 2020, 2021, 2022, 2023, 2024, 2025","普通高等学校"
"浙江省教育厅","宁波市","本科","27","2017, 2019, 2020, 2021, 2022, 2023, 2024, 2025","普通高等学校"
"浙江省教育厅","杭州市","本科","73","2017, 2019, 2020, 2021, 2022, 2023, 2024, 2025","普通高等学校"
"浙江省教育厅","杭州市","高职（专科）","24","2017, 2019, 2020, 2021, 2022, 2023, 2024, 2025","普通高等学校"
"浙江省教育厅","温州市","本科","27","2017, 2019, 2020, 2021, 2022, 2023, 2024, 2025","普通高等学校"
"浙江省教育厅","温州市","高职（专科）","8","2017, 2019, 2020, 2021, 2022, 2023, 2024, 2025","普通高等学校"
"浙江省教育厅","湖州市","本科","3","2017, 2019, 2020","普通高等学校"
"浙江省教育厅","湖州市","高职（专科）","7","2020, 2021, 2022, 2023, 2024, 2025","普通高等学校"
"浙江省教育厅","绍兴市","本科","23","2017, 2019, 2020, 2021, 2022, 2023, 2024, 2025","普通高等学校"
"浙江省教育厅","绍兴市","高职（专科）","8","2017, 2019, 2020, 2021, 2022, 2023, 2024, 2025","普通高等学校"
"浙江省教育厅","舟山市","本科","3","2017, 2019, 2020","普通高等学校"
"浙江省教育厅","金华市","本科","22","2017, 2019, 2020, 2021, 2022, 2023, 2024, 2025","普通高等学校"
"浙江省教育厅","金华市","高职（专科）","15","2017, 2019, 2020, 2021, 2022, 2023, 2024, 2025","普通高等学校"
"浙江省教育厅","【小计】","","37","",""
"海关总署","上海市","本科","8","2017, 2019, 2020, 2021, 2022, 2023, 2024, 2025","普通高等学校"
"海关总署","未知","成人高等教育","8","2017, 2019, 2020, 2021, 2022, 2023, 2024, 2025","成人高等学校"
"海关总署","【小计】","","8","",""
"海军装备部","未知","成人高等教育","8","2017, 2019, 2020, 2021, 2022, 2023, 2024, 2025","成人高等学校"
"海军装备部","【小计】","","8","",""
"海南省","三亚市","本科","9","2017, 2019, 2020, 2021, 2022, 2023, 2024, 2025","普通高等学校"
"海南省","文昌市","高职（专科）","8","2017, 2019, 2020, 2021, 2022, 2023, 2024, 2025","普通高等学校"
"海南省","未知","成人高等教育","8","2017, 2019, 2020, 2021, 2022, 2023, 2024, 2025","成人高等学校"
"海南省","海口市","本科","33","2017, 2019, 2020, 2021, 2022, 2023, 2024, 2025","普通高等学校"
"海南省","海口市","高职（专科）","42","2017, 2019, 2020, 2021, 2022, 2023, 2024, 2025","普通高等学校"
"海南省","琼海市","高职（专科）","8","2017, 2019, 2020, 2021, 2022, 2023, 2024, 2025","普通高等学校"
"海南省","【小计】","","8","",""
"海南省教育厅","三亚市","本科","8","2017, 2019, 2020, 2021, 2022, 2023, 2024, 2025","普通高等学校"
"海南省教育厅","三亚市","高职（专科）","33","2017, 2019, 2020, 2021, 2022, 2023, 2024, 2025","普通高等学校"
"海南省教育厅","东方市","高职（专科）","2","2024, 2025","普通高等学校"
"海南省教育厅","海口市","本科","15","2017, 2019, 2020, 2021, 2022, 2023, 2024, 2025","普通高等学校"
"海南省教育厅","海口市","高职（专科）","15","2017, 2019, 2020, 2021, 2022, 2023, 2024, 2025","普通高等学校"
"海南省教育厅","澄迈县","高职（专科）","1","2025","普通高等学校"
"海南省教育厅","陵水黎族自治县","本科","3","2023, 2024, 2025","普通高等学校"
"海南省教育厅","【小计】","","3","",""
"湖北省","仙桃市","高职（专科）","8","2017, 2019, 2020, 2021, 2022, 2023, 2024, 2025","普通高等学校"
"湖北省","十堰市","本科","24","2017, 2019, 2020, 2021, 2022, 2023, 2024, 2025","普通高等学校"
"湖北省","十堰市","高职（专科）","8","2017, 2019, 2020, 2021, 2022, 2023, 2024, 2025","普通高等学校"
"湖北省","咸宁市","本科","8","2017, 2019, 2020, 2021, 2022, 2023, 2024, 2025","普通高等学校"
"湖北省","咸宁市","高职（专科）","8","2017, 2019, 2020, 2021, 2022, 2023, 2024, 2025","普通高等学校"
"湖北省","天门市","高职（专科）","8","2017, 2019, 2020, 2021, 2022, 2023, 2024, 2025","普通高等学校"
"湖北省","孝感市","本科","8","2017, 2019, 2020, 2021, 2022, 2023, 2024, 2025","普通高等学校"
"湖北省","孝感市","高职（专科）","8","2017, 2019, 2020, 2021, 2022, 2023, 2024, 2025","普通高等学校"
"湖北省","宜昌市","本科","8","2017, 2019, 2020, 2021, 2022, 2023, 2024, 2025","普通高等学校"
"湖北省","宜昌市","高职（专科）","27","2017, 2019, 2020, 2021, 2022, 2023, 2024, 2025","普通高等学校"
"湖北省","恩施土家族苗族自治州","本科","8","2017, 2019, 2020, 2021, 2022, 2023, 2024, 2025","普通高等学校"
"湖北省","恩施土家族苗族自治州","高职（专科）","8","2017, 2019, 2020, 2021, 2022, 2023, 2024, 2025","普通高等学校"
"湖北省","未知","成人高等教育","108","2017, 2019, 2020, 2021, 2022, 2023, 2024, 2025","成人高等学校"
"湖北省","武汉市","本科","121","2017, 2019, 2020, 2021, 2022, 2023, 2024, 2025","普通高等学校"
"湖北省","武汉市","高职（专科）","232","2017, 2019, 2020, 2021, 2022, 2023, 2024, 2025","普通高等学校"
"湖北省","潜江市","高职（专科）","8","2017, 2019, 2020, 2021, 2022, 2023, 2024, 2025","普通高等学校"
"湖北省","荆州市","本科","8","2017, 2019, 2020, 2021, 2022, 2023, 2024, 2025","普通高等学校"
"湖北省","荆州市","高职（专科）","24","2017, 2019, 2020, 2021, 2022, 2023, 2024, 2025","普通高等学校"
"湖北省","荆门市","本科","8","2017, 2019, 2020, 2021, 2022, 2023, 2024, 2025","普通高等学校"
"湖北省","荆门市","高职（专科）","10","2017, 2019, 2020, 2021, 2022, 2023, 2024, 2025","普通高等学校"
"湖北省","襄阳市","本科","8","2017, 2019, 2020, 2021, 2022, 2023, 2024, 2025","普通高等学校"
"湖北省","襄阳市","高职（专科）","19","2017, 2019, 2020, 2021, 2022, 2023, 2024, 2025","普通高等学校"
"湖北省","鄂州市","高职（专科）","8","2017, 2019, 2020, 2021, 2022, 2023, 2024, 2025","普通高等学校"
"湖北省","随州市","高职（专科）","8","2017, 2019, 2020, 2021, 2022, 2023, 2024, 2025","普通高等学校"
"湖北省","黄冈市","本科","8","2017, 2019, 2020, 2021, 2022, 2023, 2024, 2025","普通高等学校"
"湖北省","黄冈市","高职（专科）","16","2017, 2019, 2020, 2021, 2022, 2023, 2024, 2025","普通高等学校"
"湖北省","黄石市","本科","16","2017, 2019, 2020, 2021, 2022, 2023, 2024, 2025","普通高等学校"
"湖北省","黄石市","高职（专科）","8","2017, 2019, 2020, 2021, 2022, 2023, 2024, 2025","普通高等学校"
"湖北省","【小计】","","24","",""
"湖北省教育厅","十堰市","本科","16","2017, 2019, 2020, 2021, 2022, 2023, 2024, 2025","普通高等学校"
"湖北省教育厅","咸宁市","高职（专科）","6","2020, 2021, 2022, 2023, 2024, 2025","普通高等学校"
"湖北省教育厅","孝感市","本科","8","2017, 2019, 2020, 2021, 2022, 2023, 2024, 2025","普通高等学校"
"湖北省教育厅","孝感市","高职（专科）","5","2021, 2022, 2023, 2024, 2025","普通高等学校"
"湖北省教育厅","宜昌市","本科","9","2017, 2019, 2020, 2021, 2022, 2023, 2024, 2025","普通高等学校"
"湖北省教育厅","恩施土家族苗族自治州","本科","8","2017, 2019, 2020, 2021, 2022, 2023, 2024, 2025","普通高等学校"
"湖北省教育厅","武汉市","本科","184","2017, 2019, 2020, 2021, 2022, 2023, 2024, 2025","普通高等学校"
"湖北省教育厅","武汉市","高职（专科）","64","2017, 2019, 2020, 2021, 2022, 2023, 2024, 2025","普通高等学校"
"湖北省教育厅","荆州市","本科","16","2017, 2019, 2020, 2021, 2022, 2023, 2024, 2025","普通高等学校"
"湖北省教育厅","荆州市","高职（专科）","8","2017, 2019, 2020, 2021, 2022, 2023, 2024, 2025","普通高等学校"
"湖北省教育厅","襄阳市","本科","8","2017, 2019, 2020, 2021, 2022, 2023, 2024, 2025","普通高等学校"
"湖北省教育厅","黄冈市","高职（专科）","8","2017, 2019, 2020, 2021, 2022, 2023, 2024, 2025","普通高等学校"
"湖北省教育厅","黄石市","本科","8","2017, 2019, 2020, 2021, 2022, 2023, 2024, 2025","普通高等学校"
"湖北省教育厅","【小计】","","8","",""
"湖南省","娄底市","本科","8","2017, 2019, 2020, 2021, 2022, 2023, 2024, 2025","普通高等学校"
"湖南省","娄底市","高职（专科）","12","2017, 2019, 2020, 2021, 2022, 2023, 2024, 2025","普通高等学校"
"湖南省","岳阳市","本科","8","2017, 2019, 2020, 2021, 2022, 2023, 2024, 2025","普通高等学校"
"湖南省","岳阳市","高职（专科）","24","2017, 2019, 2020, 2021, 2022, 2023, 2024, 2025","普通高等学校"
"湖南省","常德市","本科","8","2017, 2019, 2020, 2021, 2022, 2023, 2024, 2025","普通高等学校"
"湖南省","常德市","高职（专科）","19","2017, 2019, 2020, 2021, 2022, 2023, 2024, 2025","普通高等学校"
"湖南省","张家界市","高职（专科）","8","2017, 2019, 2020, 2021, 2022, 2023, 2024, 2025","普通高等学校"
"湖南省","怀化市","本科","16","2017, 2019, 2020, 2021, 2022, 2023, 2024, 2025","普通高等学校"
"湖南省","怀化市","高职（专科）","17","2017, 2019, 2020, 2021, 2022, 2023, 2024, 2025","普通高等学校"
"湖南省","未知","成人高等教育","94","2017, 2019, 2020, 2021, 2022, 2023, 2024, 2025","成人高等学校"
"湖南省","株洲市","本科","10","2017, 2019, 2020, 2021, 2022, 2023, 2024, 2025","普通高等学校"
"湖南省","株洲市","高职（专科）","62","2017, 2019, 2020, 2021, 2022, 2023, 2024, 2025","普通高等学校"
"湖南省","永州市","本科","8","2017, 2019, 2020, 2021, 2022, 2023, 2024, 2025","普通高等学校"
"湖南省","永州市","高职（专科）","20","2017, 2019, 2020, 2021, 2022, 2023, 2024, 2025","普通高等学校"
"湖南省","湘潭市","本科","24","2017, 2019, 2020, 2021, 2022, 2023, 2024, 2025","普通高等学校"
"湖南省","湘潭市","高职（专科）","42","2017, 2019, 2020, 2021, 2022, 2023, 2024, 2025","普通高等学校"
"湖南省","湘西土家族苗族自治州","本科","8","2017, 2019, 2020, 2021, 2022, 2023, 2024, 2025","普通高等学校"
"湖南省","湘西土家族苗族自治州","高职（专科）","8","2017, 2019, 2020, 2021, 2022, 2023, 2024, 2025","普通高等学校"
"湖南省","益阳市","本科","8","2017, 2019, 2020, 2021, 2022, 2023, 2024, 2025","普通高等学校"
"湖南省","益阳市","高职（专科）","28","2017, 2019, 2020, 2021, 2022, 2023, 2024, 2025","普通高等学校"
"湖南省","衡阳市","本科","24","2017, 2019, 2020, 2021, 2022, 2023, 2024, 2025","普通高等学校"
"湖南省","衡阳市","高职（专科）","30","2017, 2019, 2020, 2021, 2022, 2023, 2024, 2025","普通高等学校"
"湖南省","邵阳市","本科","8","2017, 2019, 2020, 2021, 2022, 2023, 2024, 2025","普通高等学校"
"湖南省","邵阳市","高职（专科）","19","2017, 2019, 2020, 2021, 2022, 2023, 2024, 2025","普通高等学校"
"湖南省","郴州市","本科","8","2017, 2019, 2020, 2021, 2022, 2023, 2024, 2025","普通高等学校"
"湖南省","郴州市","高职（专科）","16","2017, 2019, 2020, 2021, 2022, 2023, 2024, 2025","普通高等学校"
"湖南省","长沙市","本科","98","2017, 2019, 2020, 2021, 2022, 2023, 2024, 2025","普通高等学校"
"湖南省","长沙市","高职（专科）","230","2017, 2019, 2020, 2021, 2022, 2023, 2024, 2025","普通高等学校"
"湖南省","【小计】","","328","",""
"湖南省教育厅","娄底市","高职（专科）","8","2017, 2019, 2020, 2021, 2022, 2023, 2024, 2025","普通高等学校"
"湖南省教育厅","岳阳市","本科","8","2017, 2019, 2020, 2021, 2022, 2023, 2024, 2025","普通高等学校"
"湖南省教育厅","岳阳市","高职（专科）","4","2023, 2024, 2025","普通高等学校"
"湖南省教育厅","常德市","本科","16","2017, 2019, 2020, 2021, 2022, 2023, 2024, 2025","普通高等学校"
"湖南省教育厅","常德市","高职（专科）","8","2017, 2019, 2020, 2021, 2022, 2023, 2024, 2025","普通高等学校"
"湖南省教育厅","张家界市","本科","8","2017, 2019, 2020, 2021, 2022, 2023, 2024, 2025","普通高等学校"
"湖南省教育厅","株洲市","本科","8","2017, 2019, 2020, 2021, 2022, 2023, 2024, 2025","普通高等学校"
"湖南省教育厅","株洲市","高职（专科）","1","2025","普通高等学校"
"湖南省教育厅","永州市","高职（专科）","2","2017, 2019","普通高等学校"
"湖南省教育厅","湘潭市","本科","36","2017, 2019, 2020, 2021, 2022, 2023, 2024, 2025","普通高等学校"
"湖南省教育厅","湘潭市","高职（专科）","10","2017, 2019, 2020, 2021, 2022, 2023, 2024, 2025","普通高等学校"
"湖南省教育厅","衡阳市","本科","24","2017, 2019, 2020, 2021, 2022, 2023, 2024, 2025","普通高等学校"
"湖南省教育厅","衡阳市","高职（专科）","12","2017, 2019, 2020, 2021, 2022, 2023, 2024, 2025","普通高等学校"
"湖南省教育厅","邵阳市","高职（专科）","1","2025","普通高等学校"
"湖南省教育厅","郴州市","高职（专科）","4","2023, 2024, 2025","普通高等学校"
"湖南省教育厅","长沙市","本科","65","2017, 2019, 2020, 2021, 2022, 2023, 2024, 2025","普通高等学校"
"湖南省教育厅","长沙市","高职（专科）","48","2017, 2019, 2020, 2021, 2022, 2023, 2024, 2025","普通高等学校"
"湖南省教育厅","【小计】","","113","",""
"甘肃省","临夏州","高职（专科）","8","2017, 2019, 2020, 2021, 2022, 2023, 2024, 2025","普通高等学校"
"甘肃省","兰州市","本科","92","2017, 2019, 2020, 2021, 2022, 2023, 2024, 2025","普通高等学校"
"甘肃省","兰州市","高职（专科）","76","2017, 2019, 2020, 2021, 2022, 2023, 2024, 2025","普通高等学校"
"甘肃省","嘉峪关市","高职（专科）","8","2017, 2019, 2020, 2021, 2022, 2023, 2024, 2025","普通高等学校"
"甘肃省","天水市","本科","11","2017, 2019, 2020, 2021, 2022, 2023, 2024, 2025","普通高等学校"
"甘肃省","天水市","高职（专科）","20","2017, 2019, 2020, 2021, 2022, 2023, 2024","普通高等学校"
"甘肃省","定西市","高职（专科）","11","2017, 2019, 2020, 2021, 2022, 2023, 2024, 2025","普通高等学校"
"甘肃省","平凉市","本科","8","2017, 2019, 2020, 2021, 2022, 2023, 2024, 2025","普通高等学校"
"甘肃省","平凉市","高职（专科）","8","2017, 2019, 2020, 2021, 2022, 2023, 2024, 2025","普通高等学校"
"甘肃省","庆阳市","本科","8","2017, 2019, 2020, 2021, 2022, 2023, 2024, 2025","普通高等学校"
"甘肃省","庆阳市","高职（专科）","8","2017, 2019, 2020, 2021, 2022, 2023, 2024, 2025","普通高等学校"
"甘肃省","张掖市","本科","8","2017, 2019, 2020, 2021, 2022, 2023, 2024, 2025","普通高等学校"
"甘肃省","张掖市","高职（专科）","6","2020, 2021, 2022, 2023, 2024, 2025","普通高等学校"
"甘肃省","未知","成人高等教育","35","2017, 2019, 2020, 2021, 2022, 2023, 2024, 2025","成人高等学校"
"甘肃省","武威市","本科","1","2025","普通高等学校"
"甘肃省","武威市","高职（专科）","15","2017, 2019, 2020, 2021, 2022, 2023, 2024, 2025","普通高等学校"
"甘肃省","甘南藏族 自治州","本科","1","2017","普通高等学校"
"甘肃省","甘南藏族自治州","本科","7","2019, 2020, 2021, 2022, 2023, 2024, 2025","普通高等学校"
"甘肃省","白银市","高职（专科）","8","2017, 2019, 2020, 2021, 2022, 2023, 2024, 2025","普通高等学校"
"甘肃省","酒泉市","本科","1","2025","普通高等学校"
"甘肃省","酒泉市","高职（专科）","7","2017, 2019, 2020, 2021, 2022, 2023, 2024","普通高等学校"
"甘肃省","金昌市","高职（专科）","8","2017, 2019, 2020, 2021, 2022, 2023, 2024, 2025","普通高等学校"
"甘肃省","陇南市","本科","2","2024, 2025","普通高等学校"
"甘肃省","陇南市","高职（专科）","6","2017, 2019, 2020, 2021, 2022, 2023","普通高等学校"
"甘肃省","【小计】","","8","",""
"甘肃省教育厅","兰州市","本科","30","2017, 2019, 2020, 2021, 2022, 2023, 2024, 2025","普通高等学校"
"甘肃省教育厅","兰州市","高职（专科）","16","2017, 2019, 2020, 2021, 2022, 2023, 2024, 2025","普通高等学校"
"甘肃省教育厅","白银市","高职（专科）","5","2021, 2022, 2023, 2024, 2025","普通高等学校"
"甘肃省教育厅","【小计】","","5","",""
"福建省","三明市","本科","8","2017, 2019, 2020, 2021, 2022, 2023, 2024, 2025","普通高等学校"
"福建省","三明市","高职（专科）","16","2017, 2019, 2020, 2021, 2022, 2023, 2024, 2025","普通高等学校"
"福建省","南平市","本科","8","2017, 2019, 2020, 2021, 2022, 2023, 2024, 2025","普通高等学校"
"福建省","南平市","高职（专科）","16","2017, 2019, 2020, 2021, 2022, 2023, 2024, 2025","普通高等学校"
"福建省","厦门市","本科","24","2017, 2019, 2020, 2021, 2022, 2023, 2024, 2025","普通高等学校"
"福建省","厦门市","高职（专科）","17","2017, 2019, 2020, 2021, 2022, 2023, 2024, 2025","普通高等学校"
"福建省","宁德市","本科","8","2017, 2019, 2020, 2021, 2022, 2023, 2024, 2025","普通高等学校"
"福建省","宁德市","高职（专科）","8","2017, 2019, 2020, 2021, 2022, 2023, 2024, 2025","普通高等学校"
"福建省","未知","成人高等教育","24","2017, 2019, 2020, 2021, 2022, 2023, 2024, 2025","成人高等学校"
"福建省","泉州市","本科","9","2017, 2019, 2020, 2021, 2022, 2023, 2024, 2025","普通高等学校"
"福建省","泉州市","高职（专科）","47","2017, 2019, 2020, 2021, 2022, 2023, 2024, 2025","普通高等学校"
"福建省","漳州市","本科","8","2017, 2019, 2020, 2021, 2022, 2023, 2024, 2025","普通高等学校"
"福建省","漳州市","高职（专科）","24","2017, 2019, 2020, 2021, 2022, 2023, 2024, 2025","普通高等学校"
"福建省","福州市","本科","87","2017, 2019, 2020, 2021, 2022, 2023, 2024, 2025","普通高等学校"
"福建省","福州市","高职（专科）","88","2017, 2019, 2020, 2021, 2022, 2023, 2024, 2025","普通高等学校"
"福建省","莆田市","本科","8","2017, 2019, 2020, 2021, 2022, 2023, 2024, 2025","普通高等学校"
"福建省","莆田市","高职（专科）","8","2017, 2019, 2020, 2021, 2022, 2023, 2024, 2025","普通高等学校"
"福建省","龙岩市","本科","8","2017, 2019, 2020, 2021, 2022, 2023, 2024, 2025","普通高等学校"
"福建省","龙岩市","高职（专科）","8","2017, 2019, 2020, 2021, 2022, 2023, 2024, 2025","普通高等学校"
"福建省","【小计】","","16","",""
"福建省教育厅","南平市","高职（专科）","8","2017, 2019, 2020, 2021, 2022, 2023, 2024, 2025","普通高等学校"
"福建省教育厅","厦门市","本科","24","2017, 2019, 2020, 2021, 2022, 2023, 2024, 2025","普通高等学校"
"福建省教育厅","厦门市","高职（专科）","56","2017, 2019, 2020, 2021, 2022, 2023, 2024, 2025","普通高等学校"
"福建省教育厅","泉州市","本科","39","2017, 2019, 2020, 2021, 2022, 2023, 2024, 2025","普通高等学校"
"福建省教育厅","泉州市","高职（专科）","41","2017, 2019, 2020, 2021, 2022, 2023, 2024, 2025","普通高等学校"
"福建省教育厅","漳州市","本科","8","2017, 2019, 2020, 2021, 2022, 2023, 2024, 2025","普通高等学校"
"福建省教育厅","漳州市","高职（专科）","16","2017, 2019, 2020, 2021, 2022, 2023, 2024, 2025","普通高等学校"
"福建省教育厅","福州市","本科","57","2017, 2019, 2020, 2021, 2022, 2023, 2024, 2025","普通高等学校"
"福建省教育厅","福州市","高职（专科）","48","2017, 2019, 2020, 2021, 2022, 2023, 2024, 2025","普通高等学校"
"福建省教育厅","【小计】","","105","",""
"空军装备部","未知","成人高等教育","16","2017, 2019, 2020, 2021, 2022, 2023, 2024, 2025","成人高等学校"
"空军装备部","长沙市","高职（专科）","7","2017, 2020, 2021, 2022, 2023, 2024, 2025","普通高等学校"
"空军装备部","【小计】","","7","",""
"西藏自治区","咸阳市","本科","8","2017, 2019, 2020, 2021, 2022, 2023, 2024, 2025","普通高等学校"
"西藏自治区","拉萨市","本科","17","2017, 2019, 2020, 2021, 2022, 2023, 2024, 2025","普通高等学校"
"西藏自治区","拉萨市","高职（专科）","23","2017, 2019, 2020, 2021, 2022, 2023, 2024, 2025","普通高等学校"
"西藏自治区","日喀则市","高职（专科）","1","2025","普通高等学校"
"西藏自治区","林芝市","本科","8","2017, 2019, 2020, 2021, 2022, 2023, 2024, 2025","普通高等学校"
"西藏自治区","【小计】","","8","",""
"贵州省","六盘水市","本科","8","2017, 2019, 2020, 2021, 2022, 2023, 2024, 2025","普通高等学校"
"贵州省","六盘水市","高职（专科）","15","2017, 2019, 2020, 2021, 2022, 2023, 2024, 2025","普通高等学校"
"贵州省","安顺市","本科","8","2017, 2019, 2020, 2021, 2022, 2023, 2024, 2025","普通高等学校"
"贵州省","安顺市","高职（专科）","8","2017, 2019, 2020, 2021, 2022, 2023, 2024, 2025","普通高等学校"
"贵州省","未知","成人高等教育","24","2017, 2019, 2020, 2021, 2022, 2023, 2024, 2025","成人高等学校"
"贵州省","毕节市","本科","8","2017, 2019, 2020, 2021, 2022, 2023, 2024, 2025","普通高等学校"
"贵州省","毕节市","高职（专科）","31","2017, 2019, 2020, 2021, 2022, 2023, 2024, 2025","普通高等学校"
"贵州省","贵阳市","本科","96","2017, 2019, 2020, 2021, 2022, 2023, 2024, 2025","普通高等学校"
"贵州省","贵阳市","高职（专科）","138","2017, 2019, 2020, 2021, 2022, 2023, 2024, 2025","普通高等学校"
"贵州省","遵义市","本科","16","2017, 2019, 2020, 2021, 2022, 2023, 2024, 2025","普通高等学校"
"贵州省","遵义市","高职（专科）","24","2017, 2019, 2020, 2021, 2022, 2023, 2024, 2025","普通高等学校"
"贵州省","铜仁市","本科","9","2017, 2019, 2020, 2021, 2022, 2023, 2024, 2025","普通高等学校"
"贵州省","铜仁市","高职（专科）","23","2017, 2019, 2020, 2021, 2022, 2023, 2024, 2025","普通高等学校"
"贵州省","黔东南苗族侗族自治州","本科","8","2017, 2019, 2020, 2021, 2022, 2023, 2024, 2025","普通高等学校"
"贵州省","黔东南苗族侗族自治州","高职（专科）","18","2017, 2019, 2020, 2021, 2022, 2023, 2024, 2025","普通高等学校"
"贵州省","黔南布依族苗族自治州","本科","8","2017, 2019, 2020, 2021, 2022, 2023, 2024, 2025","普通高等学校"
"贵州省","黔南布依族苗族自治州","高职（专科）","46","2017, 2019, 2020, 2021, 2022, 2023, 2024, 2025","普通高等学校"
"贵州省","黔西南布依族苗族自治州","本科","8","2017, 2019, 2020, 2021, 2022, 2023, 2024, 2025","普通高等学校"
"贵州省","黔西南布依族苗族自治州","高职（专科）","8","2017, 2019, 2020, 2021, 2022, 2023, 2024, 2025","普通高等学校"
"贵州省","【小计】","","16","",""
"贵州省教育厅","安顺市","高职（专科）","6","2020, 2021, 2022, 2023, 2024, 2025","普通高等学校"
"贵州省教育厅","毕节市","高职（专科）","8","2017, 2019, 2020, 2021, 2022, 2023, 2024, 2025","普通高等学校"
"贵州省教育厅","贵阳市","本科","41","2017, 2019, 2020, 2021, 2022, 2023, 2024, 2025","普通高等学校"
"贵州省教育厅","贵阳市","高职（专科）","16","2017, 2019, 2020, 2021, 2022, 2023, 2024, 2025","普通高等学校"
"贵州省教育厅","遵义市","本科","16","2017, 2019, 2020, 2021, 2022, 2023, 2024, 2025","普通高等学校"
"贵州省教育厅","铜仁市","高职（专科）","11","2017, 2019, 2020, 2021, 2022, 2023, 2024, 2025","普通高等学校"
"贵州省教育厅","黔南布依族苗族自治州","本科","10","2021, 2022, 2023, 2024, 2025","普通高等学校"
"贵州省教育厅","黔南布依族苗族自治州","高职（专科）","16","2017, 2019, 2020, 2021, 2022, 2023, 2024, 2025","普通高等学校"
"贵州省教育厅","【小计】","","26","",""
"辽宁省","丹东市","本科","8","2017, 2019, 2020, 2021, 2022, 2023, 2024, 2025","普通高等学校"
"辽宁省","丹东市","高职（专科）","16","2017, 2019, 2020, 2021, 2022, 2023, 2024, 2025","普通高等学校"
"辽宁省","大连市","本科","72","2017, 2019, 2020, 2021, 2022, 2023, 2024, 2025","普通高等学校"
"辽宁省","大连市","高职（专科）","24","2017, 2019, 2020, 2021, 2022, 2023, 2024, 2025","普通高等学校"
"辽宁省","抚顺市","本科","8","2017, 2019, 2020, 2021, 2022, 2023, 2024, 2025","普通高等学校"
"辽宁省","抚顺市","高职（专科）","16","2017, 2019, 2020, 2021, 2022, 2023, 2024, 2025","普通高等学校"
"辽宁省","朝阳市","本科","2","2024, 2025","普通高等学校"
"辽宁省","朝阳市","高职（专科）","6","2017, 2019, 2020, 2021, 2022, 2023","普通高等学校"
"辽宁省","未知","成人高等教育","130","2017, 2019, 2020, 2021, 2022, 2023, 2024, 2025","成人高等学校"
"辽宁省","本溪市","本科","8","2017, 2019, 2020, 2021, 2022, 2023, 2024, 2025","普通高等学校"
"辽宁省","本溪市","高职（专科）","8","2017, 2019, 2020, 2021, 2022, 2023, 2024, 2025","普通高等学校"
"辽宁省","沈阳市","本科","136","2017, 2019, 2020, 2021, 2022, 2023, 2024, 2025","普通高等学校"
"辽宁省","沈阳市","高职（专科）","136","2017, 2019, 2020, 2021, 2022, 2023, 2024, 2025","普通高等学校"
"辽宁省","盘锦市","高职（专科）","16","2017, 2019, 2020, 2021, 2022, 2023, 2024, 2025","普通高等学校"
"辽宁省","营口市","本科","8","2017, 2019, 2020, 2021, 2022, 2023, 2024, 2025","普通高等学校"
"辽宁省","营口市","高职（专科）","16","2017, 2019, 2020, 2021, 2022, 2023, 2024, 2025","普通高等学校"
"辽宁省","葫芦岛市","高职（专科）","8","2017, 2019, 2020, 2021, 2022, 2023, 2024, 2025","普通高等学校"
"辽宁省","辽阳市","高职（专科）","16","2017, 2019, 2020, 2021, 2022, 2023, 2024, 2025","普通高等学校"
"辽宁省","铁岭市","高职（专科）","32","2017, 2019, 2020, 2021, 2022, 2023, 2024, 2025","普通高等学校"
"辽宁省","锦州市","本科","24","2017, 2019, 2020, 2021, 2022, 2023, 2024, 2025","普通高等学校"
"辽宁省","锦州市","高职（专科）","24","2017, 2019, 2020, 2021, 2022, 2023, 2024, 2025","普通高等学校"
"辽宁省","阜新市","本科","8","2017, 2019, 2020, 2021, 2022, 2023, 2024, 2025","普通高等学校"
"辽宁省","阜新市","高职（专科）","8","2017, 2019, 2020, 2021, 2022, 2023, 2024, 2025","普通高等学校"
"辽宁省","鞍山市","本科","16","2017, 2019, 2020, 2021, 2022, 2023, 2024, 2025","普通高等学校"
"辽宁省","鞍山市","高职（专科）","6","2020, 2021, 2022, 2023, 2024, 2025","普通高等学校"
"辽宁省","【小计】","","22","",""
"辽宁省教育厅","大连市","本科","68","2017, 2019, 2020, 2021, 2022, 2023, 2024, 2025","普通高等学校"
"辽宁省教育厅","大连市","高职（专科）","56","2017, 2019, 2020, 2021, 2022, 2023, 2024, 2025","普通高等学校"
"辽宁省教育厅","抚顺市","本科","9","2017, 2019, 2020, 2021, 2022, 2023, 2024, 2025","普通高等学校"
"辽宁省教育厅","沈阳市","本科","65","2017, 2019, 2020, 2021, 2022, 2023, 2024, 2025","普通高等学校"
"辽宁省教育厅","沈阳市","高职（专科）","16","2017, 2019, 2020, 2021, 2022, 2023, 2024, 2025","普通高等学校"
"辽宁省教育厅","葫芦岛市","本科","8","2017, 2019, 2020, 2021, 2022, 2023, 2024, 2025","普通高等学校"
"辽宁省教育厅","辽阳市","本科","8","2017, 2019, 2020, 2021, 2022, 2023, 2024, 2025","普通高等学校"
"辽宁省教育厅","锦州市","本科","22","2017, 2019, 2020, 2021, 2022, 2023, 2024, 2025","普通高等学校"
"辽宁省教育厅","锦州市","高职（专科）","2","2017, 2019","普通高等学校"
"辽宁省教育厅","【小计】","","24","",""
"重庆市","未知","成人高等教育","27","2017, 2019, 2020, 2021, 2022, 2023, 2024, 2025","成人高等学校"
"重庆市","重庆市","本科","126","2017, 2019, 2020, 2021, 2022, 2023, 2024, 2025","普通高等学校"
"重庆市","重庆市","高职（专科）","183","2017, 2019, 2020, 2021, 2022, 2023, 2024, 2025","普通高等学校"
"重庆市","【小计】","","309","",""
"重庆市教委","重庆市","本科","71","2017, 2019, 2020, 2021, 2022, 2023, 2024, 2025","普通高等学校"
"重庆市教委","重庆市","高职（专科）","157","2017, 2019, 2020, 2021, 2022, 2023, 2024, 2025","普通高等学校"
"重庆市教委","【小计】","","228","",""
"重庆市教育厅","重庆市","高职（专科）","3","2020","普通高等学校"
"重庆市教育厅","【小计】","","3","",""
"陕西省","咸阳市","本科","18","2017, 2019, 2020, 2021, 2022, 2023, 2024, 2025","普通高等学校"
"陕西省","咸阳市","高职（专科）","46","2017, 2019, 2020, 2021, 2022, 2023, 2024, 2025","普通高等学校"
"陕西省","商洛市","本科","8","2017, 2019, 2020, 2021, 2022, 2023, 2024, 2025","普通高等学校"
"陕西省","商洛市","高职（专科）","8","2017, 2019, 2020, 2021, 2022, 2023, 2024, 2025","普通高等学校"
"陕西省","安康市","本科","8","2017, 2019, 2020, 2021, 2022, 2023, 2024, 2025","普通高等学校"
"陕西省","安康市","高职（专科）","8","2017, 2019, 2020, 2021, 2022, 2023, 2024, 2025","普通高等学校"
"陕西省","宝鸡市","本科","8","2017, 2019, 2020, 2021, 2022, 2023, 2024, 2025","普通高等学校"
"陕西省","宝鸡市","高职（专科）","16","2017, 2019, 2020, 2021, 2022, 2023, 2024, 2025","普通高等学校"
"陕西省","延安市","本科","8","2017, 2019, 2020, 2021, 2022, 2023, 2024, 2025","普通高等学校"
"陕西省","延安市","高职（专科）","8","2017, 2019, 2020, 2021, 2022, 2023, 2024, 2025","普通高等学校"
"陕西省","未知","成人高等教育","113","2017, 2019, 2020, 2021, 2022, 2023, 2024, 2025","成人高等学校"
"陕西省","榆林市","本科","8","2017, 2019, 2020, 2021, 2022, 2023, 2024, 2025","普通高等学校"
"陕西省","榆林市","高职（专科）","10","2017, 2019, 2020, 2021, 2022, 2023, 2024, 2025","普通高等学校"
"陕西省","汉中市","本科","8","2017, 2019, 2020, 2021, 2022, 2023, 2024, 2025","普通高等学校"
"陕西省","汉中市","高职（专科）","16","2017, 2019, 2020, 2021, 2022, 2023, 2024, 2025","普通高等学校"
"陕西省","渭南市","本科","8","2017, 2019, 2020, 2021, 2022, 2023, 2024, 2025","普通高等学校"
"陕西省","渭南市","高职（专科）","16","2017, 2019, 2020, 2021, 2022, 2023, 2024, 2025","普通高等学校"
"陕西省","神木市","高职（专科）","5","2019, 2020, 2021, 2022, 2023","普通高等学校"
"陕西省","西安市","本科","155","2017, 2019, 2020, 2021, 2022, 2023, 2024, 2025","普通高等学校"
"陕西省","西安市","高职（专科）","94","2017, 2019, 2020, 2021, 2022, 2023, 2024, 2025","普通高等学校"
"陕西省","铜川市","高职（专科）","8","2017, 2019, 2020, 2021, 2022, 2023, 2024, 2025","普通高等学校"
"陕西省","【小计】","","8","",""
"陕西省教育厅","咸阳市","本科","24","2017, 2019, 2020, 2021, 2022, 2023, 2024, 2025","普通高等学校"
"陕西省教育厅","宝鸡市","高职（专科）","12","2019, 2020, 2021, 2022, 2023, 2024, 2025","普通高等学校"
"陕西省教育厅","榆林市","高职（专科）","6","2020, 2021, 2022, 2023, 2024, 2025","普通高等学校"
"陕西省教育厅","西安市","本科","158","2017, 2019, 2020, 2021, 2022, 2023, 2024, 2025","普通高等学校"
"陕西省教育厅","西安市","高职（专科）","58","2017, 2019, 2020, 2021, 2022, 2023, 2024, 2025","普通高等学校"
"陕西省教育厅","【小计】","","216","",""
"青海省","未知","成人高等教育","16","2017, 2019, 2020, 2021, 2022, 2023, 2024, 2025","成人高等学校"
"青海省","海东市","高职（专科）","8","2017, 2019, 2020, 2021, 2022, 2023, 2024, 2025","普通高等学校"
"青海省","海西蒙古族藏族自治州","高职（专科）","8","2017, 2019, 2020, 2021, 2022, 2023, 2024, 2025","普通高等学校"
"青海省","西宁市","本科","28","2017, 2019, 2020, 2021, 2022, 2023, 2024, 2025","普通高等学校"
"青海省","西宁市","高职（专科）","46","2017, 2019, 2020, 2021, 2022, 2023, 2024, 2025","普通高等学校"
"青海省","【小计】","","74","",""
"青海省教育厅","西宁市","本科","8","2017, 2019, 2020, 2021, 2022, 2023, 2024, 2025","普通高等学校"
"青海省教育厅","【小计】","","8","",""
"黑龙江省","七台河市","高职（专科）","8","2017, 2019, 2020, 2021, 2022, 2023, 2024, 2025","普通高等学校"
"黑龙江省","伊春市","高职（专科）","8","2017, 2019, 2020, 2021, 2022, 2023, 2024, 2025","普通高等学校"
"黑龙江省","佳木斯市","本科","8","2017, 2019, 2020, 2021, 2022, 2023, 2024, 2025","普通高等学校"
"黑龙江省","佳木斯市","高职（专科）","16","2017, 2019, 2020, 2021, 2022, 2023, 2024, 2025","普通高等学校"
"黑龙江省","双鸭山市","高职（专科）","8","2017, 2019, 2020, 2021, 2022, 2023, 2024, 2025","普通高等学校"
"黑龙江省","哈尔滨市","本科","106","2017, 2019, 2020, 2021, 2022, 2023, 2024, 2025","普通高等学校"
"黑龙江省","哈尔滨市","高职（专科）","151","2017, 2019, 2020, 2021, 2022, 2023, 2024, 2025","普通高等学校"
"黑龙江省","大兴安岭地区","高职（专科）","8","2017, 2019, 2020, 2021, 2022, 2023, 2024, 2025","普通高等学校"
"黑龙江省","大庆市","本科","24","2017, 2019, 2020, 2021, 2022, 2023, 2024, 2025","普通高等学校"
"黑龙江省","大庆市","高职（专科）","16","2017, 2019, 2020, 2021, 2022, 2023, 2024, 2025","普通高等学校"
"黑龙江省","未知","成人高等教育","133","2017, 2019, 2020, 2021, 2022, 2023, 2024, 2025","成人高等学校"
"黑龙江省","牡丹江市","本科","16","2017, 2019, 2020, 2021, 2022, 2023, 2024, 2025","普通高等学校"
"黑龙江省","牡丹江市","高职（专科）","40","2017, 2019, 2020, 2021, 2022, 2023, 2024, 2025","普通高等学校"
"黑龙江省","绥化市","本科","8","2017, 2019, 2020, 2021, 2022, 2023, 2024, 2025","普通高等学校"
"黑龙江省","鸡西市","本科","8","2017, 2019, 2020, 2021, 2022, 2023, 2024, 2025","普通高等学校"
"黑龙江省","鹤岗市","高职（专科）","8","2017, 2019, 2020, 2021, 2022, 2023, 2024, 2025","普通高等学校"
"黑龙江省","黑河市","本科","8","2017, 2019, 2020, 2021, 2022, 2023, 2024, 2025","普通高等学校"
"黑龙江省","齐齐哈尔市","本科","16","2017, 2019, 2020, 2021, 2022, 2023, 2024, 2025","普通高等学校"
"黑龙江省","齐齐哈尔市","高职（专科）","10","2017, 2019, 2020, 2021, 2022, 2023, 2024, 2025","普通高等学校"
"黑龙江省","【小计】","","26","",""
"黑龙江省教育厅","佳木斯市","高职（专科）","8","2017, 2019, 2020, 2021, 2022, 2023, 2024, 2025","普通高等学校"
"黑龙江省教育厅","哈尔滨市","本科","88","2017, 2019, 2020, 2021, 2022, 2023, 2024, 2025","普通高等学校"
"黑龙江省教育厅","哈尔滨市","高职（专科）","32","2017, 2019, 2020, 2021, 2022, 2023, 2024, 2025","普通高等学校"
"黑龙江省教育厅","齐齐哈尔市","本科","8","2017, 2019, 2020, 2021, 2022, 2023, 2024, 2025","普通高等学校"
"黑龙江省教育厅","齐齐哈尔市","高职（专科）","9","2017, 2019, 2020, 2021, 2022, 2023, 2024, 2025","普通高等学校"
"黑龙江省教育厅","【小计】","","17","",""
"【总计】","","","24256","",""
